unit_number,time_in_cycles,operational_setting_1,operational_setting_2,operational_setting_3,sensor_1,sensor_2,sensor_3,sensor_4,sensor_5,sensor_6,sensor_7,sensor_8,sensor_9,sensor_10,sensor_11,sensor_12,sensor_13,sensor_14,sensor_15,sensor_16,sensor_17,sensor_18,sensor_19,sensor_20,sensor_21
1,1,20.0072,0.7,100.0,491.19,606.67,1481.04,1227.81,9.35,13.6,332.52,2323.67,8704.98,1.07,43.83,313.03,2387.78,8048.98,9.2229,0.02,362,2324,100.0,24.31,14.7007
1,2,24.9984,0.62,60.0,462.54,536.22,1256.17,1031.48,7.05,9.0,174.46,1915.21,7999.94,0.93,36.11,163.61,2028.09,7863.46,10.8632,0.02,306,1915,84.93,14.36,8.5748
1,3,42.0,0.842,100.0,445.0,549.23,1340.13,1105.88,3.91,5.69,137.34,2211.93,8305.38,1.01,41.52,129.98,2387.95,8071.13,9.396,0.02,328,2212,100.0,10.39,6.4365
1,4,42.0035,0.8402,100.0,445.0,549.19,1339.7,1107.26,3.91,5.69,137.23,2211.89,8301.0,1.01,41.73,129.48,2387.9,8078.89,9.3594,0.02,328,2212,100.0,10.56,6.2367
1,5,35.0079,0.84,100.0,449.44,555.1,1353.04,1117.8,5.48,7.97,192.94,2222.71,8331.05,1.02,41.32,181.82,2387.87,8057.83,9.303,0.02,333,2223,100.0,14.85,8.9326
1,6,25.001,0.6203,60.0,462.54,536.4,1255.38,1043.74,7.05,9.0,174.32,1915.27,8001.14,0.93,36.41,163.95,2028.12,7867.38,10.8661,0.02,304,1915,84.93,14.17,8.6135
1,7,19.9996,0.7015,100.0,491.19,607.29,1473.03,1230.62,9.35,13.6,332.63,2323.64,8708.79,1.07,43.94,312.77,2387.83,8052.97,9.1925,0.02,362,2324,100.0,24.52,14.6965
1,8,35.0015,0.8414,100.0,449.44,554.81,1361.07,1115.14,5.48,7.97,193.45,2222.76,8328.97,1.02,41.39,182.23,2387.84,8055.81,9.3004,0.02,331,2223,100.0,14.84,8.9004
1,9,19.998,0.7,100.0,491.19,607.35,1481.89,1240.15,9.35,13.6,332.27,2323.66,8705.64,1.07,43.79,312.2,2387.76,8052.46,9.1965,0.02,362,2324,100.0,24.34,14.6079
1,10,42.0033,0.8416,100.0,445.0,549.3,1342.24,1106.32,3.91,5.69,136.65,2211.85,8301.07,1.01,41.65,129.69,2387.97,8075.89,9.386,0.02,328,2212,100.0,10.45,6.383
1,11,19.9993,0.7,100.0,491.19,606.4,1477.69,1242.74,9.35,13.6,332.36,2323.66,8708.19,1.07,43.88,312.53,2387.82,8053.65,9.2631,0.02,362,2324,100.0,24.34,14.7355
1,12,9.9999,0.2519,100.0,489.05,604.29,1493.65,1289.53,10.52,15.46,392.08,2318.7,8768.02,1.25,44.96,369.9,2387.8,8121.43,8.6107,0.03,367,2319,100.0,28.57,17.0504
1,13,19.9993,0.7012,100.0,491.19,606.82,1466.62,1231.54,9.35,13.6,332.93,2323.61,8704.6,1.07,44.04,313.01,2387.84,8051.4,9.2228,0.02,362,2324,100.0,24.53,14.7373
1,14,9.999,0.2516,100.0,489.05,604.16,1496.37,1295.27,10.52,15.46,392.74,2318.61,8767.99,1.26,44.95,370.3,2387.78,8123.73,8.636,0.03,366,2319,100.0,28.65,17.186
1,15,35.006,0.84,100.0,449.44,555.01,1358.66,1109.37,5.48,7.97,193.44,2222.75,8329.86,1.02,41.48,181.58,2387.81,8057.34,9.3274,0.02,331,2223,100.0,14.9,9.0026
1,16,19.9985,0.7,100.0,491.19,606.96,1472.15,1234.45,9.35,13.6,332.41,2323.59,8707.4,1.07,44.08,312.56,2387.77,8045.55,9.2127,0.02,363,2324,100.0,24.27,14.7359
1,17,42.004,0.84,100.0,445.0,549.3,1348.98,1105.76,3.91,5.69,137.64,2211.87,8305.11,1.01,41.72,129.45,2388.03,8073.9,9.3735,0.02,327,2212,100.0,10.65,6.3648
1,18,41.9986,0.84,100.0,445.0,549.25,1343.94,1108.76,3.91,5.69,137.46,2211.9,8297.56,1.01,41.52,129.24,2387.98,8072.07,9.4051,0.02,329,2212,100.0,10.64,6.3878
1,19,42.0001,0.8419,100.0,445.0,548.72,1348.66,1115.83,3.91,5.69,137.99,2211.89,8305.76,1.01,41.65,129.77,2387.98,8066.56,9.3494,0.02,329,2212,100.0,10.72,6.2452
1,20,10.0077,0.2518,100.0,489.05,604.28,1491.5,1285.85,10.52,15.46,392.51,2318.67,8770.19,1.25,44.97,370.65,2387.79,8115.33,8.648,0.03,366,2319,100.0,28.47,17.166
1,21,0.0025,0.0,100.0,518.67,641.71,1574.39,1388.39,14.62,21.57,551.52,2387.57,9038.66,1.3,47.23,519.14,2387.58,8123.07,8.4127,0.03,390,2388,100.0,38.96,23.351
1,22,42.0046,0.84,100.0,445.0,549.17,1344.49,1107.66,3.91,5.69,137.42,2211.92,8305.35,1.01,41.38,129.43,2387.98,8073.4,9.3844,0.02,328,2212,100.0,10.57,6.3712
1,23,9.9999,0.25,100.0,489.05,604.11,1498.77,1291.1,10.52,15.46,393.1,2318.68,8770.44,1.25,44.86,370.65,2387.89,8123.07,8.6432,0.03,367,2319,100.0,28.72,17.0417
1,24,0.0003,0.0,100.0,518.67,641.75,1582.21,1395.07,14.62,21.57,550.59,2387.51,9031.6,1.3,47.12,519.22,2387.52,8122.35,8.4284,0.03,390,2388,100.0,39.06,23.2663
1,25,35.0036,0.8406,100.0,449.44,554.86,1356.61,1104.88,5.48,7.97,192.64,2222.81,8337.12,1.02,41.47,182.49,2387.83,8055.92,9.3279,0.02,330,2223,100.0,14.88,8.8443
1,26,24.9989,0.62,60.0,462.54,536.31,1255.57,1038.79,7.05,9.0,173.46,1915.19,8002.8,0.93,36.29,163.51,2028.13,7864.75,10.8579,0.02,306,1915,84.93,14.2,8.5318
1,27,19.999,0.7,100.0,491.19,606.51,1480.04,1242.68,9.35,13.6,332.46,2323.64,8707.9,1.07,44.01,312.41,2387.75,8050.25,9.2093,0.02,363,2324,100.0,24.43,14.712
1,28,42.0041,0.8412,100.0,445.0,549.28,1342.61,1111.7,3.91,5.69,137.76,2211.85,8297.79,1.01,41.48,129.48,2387.98,8068.83,9.3227,0.02,328,2212,100.0,10.61,6.3644
1,29,0.0017,0.0007,100.0,518.67,641.78,1584.67,1400.4,14.62,21.57,551.59,2387.37,9035.5,1.3,47.28,519.25,2387.41,8119.04,8.4242,0.03,390,2388,100.0,38.81,23.177
1,30,35.0029,0.84,100.0,449.44,555.6,1356.69,1110.29,5.48,7.97,192.76,2222.76,8342.7,1.02,41.23,181.35,2387.8,8064.33,9.3158,0.02,332,2223,100.0,14.78,8.9361
1,31,20.0003,0.7005,100.0,491.19,607.6,1475.52,1234.08,9.35,13.6,332.4,2323.64,8705.77,1.07,43.99,313.07,2387.82,8057.18,9.2321,0.02,362,2324,100.0,24.41,14.6467
1,32,10.007,0.25,100.0,489.05,604.29,1490.27,1296.75,10.52,15.46,393.11,2318.59,8760.07,1.25,44.91,370.17,2387.89,8118.31,8.5955,0.03,367,2319,100.0,28.53,17.0234
1,33,42.0075,0.84,100.0,445.0,549.46,1344.46,1107.09,3.91,5.7,138.15,2211.92,8301.44,1.02,41.54,129.47,2388.03,8069.94,9.378,0.02,329,2212,100.0,10.51,6.4359
1,34,25.0063,0.6203,60.0,462.54,536.17,1247.77,1041.29,7.05,9.0,174.79,1915.24,8000.1,0.94,36.25,163.59,2028.12,7860.91,10.8788,0.02,304,1915,84.93,14.32,8.4118
1,35,20.0003,0.7,100.0,491.19,606.91,1475.12,1227.18,9.35,13.6,331.98,2323.62,8698.86,1.07,43.83,312.2,2387.77,8051.95,9.1994,0.02,361,2324,100.0,24.29,14.6604
1,36,42.0056,0.84,100.0,445.0,548.82,1350.2,1110.07,3.91,5.69,138.81,2211.89,8301.8,1.01,41.36,129.65,2388.0,8074.89,9.3686,0.02,330,2212,100.0,10.68,6.4192
1,37,42.0062,0.8402,100.0,445.0,549.36,1347.65,1107.73,3.91,5.69,137.81,2211.88,8304.25,1.01,41.52,129.52,2387.96,8071.22,9.4132,0.02,329,2212,100.0,10.68,6.2922
1,38,25.0013,0.6218,60.0,462.54,536.54,1250.68,1038.68,7.05,9.0,174.29,1915.24,7993.26,0.94,36.18,163.96,2028.08,7868.72,10.8882,0.02,306,1915,84.93,14.13,8.4454
1,39,35.0051,0.8417,100.0,449.44,554.85,1356.08,1114.16,5.48,7.97,192.64,2222.75,8337.32,1.02,41.52,181.51,2387.8,8059.58,9.3178,0.02,332,2223,100.0,14.77,8.8694
1,40,35.0018,0.84,100.0,449.44,555.43,1353.08,1113.51,5.48,7.97,193.13,2222.74,8333.14,1.02,41.38,181.53,2387.82,8056.6,9.3181,0.02,331,2223,100.0,14.74,8.8526
1,41,24.9986,0.6207,60.0,462.54,535.76,1256.25,1034.03,7.05,9.0,174.6,1915.25,7997.97,0.93,36.26,163.7,2028.16,7864.9,10.8941,0.02,306,1915,84.93,14.27,8.4687
1,42,25.0062,0.62,60.0,462.54,536.39,1253.03,1040.8,7.05,9.0,174.75,1915.27,8003.37,0.94,36.29,162.98,2028.11,7860.92,10.8594,0.02,307,1915,84.93,14.27,8.5025
1,43,0.0024,0.0,100.0,518.67,642.2,1577.15,1398.82,14.62,21.57,550.85,2387.54,9037.55,1.3,47.1,519.23,2387.49,8117.14,8.4611,0.03,389,2388,100.0,38.85,23.1927
1,44,42.0005,0.84,100.0,445.0,548.9,1334.63,1104.81,3.91,5.69,137.34,2211.93,8300.34,1.01,41.63,129.44,2387.92,8072.24,9.4014,0.02,328,2212,100.0,10.6,6.3796
1,45,25.002,0.62,60.0,462.54,536.13,1258.81,1039.99,7.05,9.0,174.31,1915.18,7994.6,0.93,36.32,163.41,2028.1,7864.34,10.8531,0.02,305,1915,84.93,14.22,8.5085
1,46,19.9981,0.7,100.0,491.19,606.62,1472.58,1233.24,9.35,13.6,332.75,2323.66,8705.6,1.07,43.63,312.51,2387.78,8048.28,9.238,0.02,364,2324,100.0,24.51,14.6111
1,47,42.0006,0.8419,100.0,445.0,548.41,1341.26,1116.56,3.91,5.69,137.6,2211.84,8303.04,1.01,41.65,129.2,2387.97,8070.74,9.3913,0.02,328,2212,100.0,10.47,6.3731
1,48,20.005,0.7,100.0,491.19,606.98,1467.76,1233.48,9.35,13.61,332.98,2323.71,8707.64,1.07,44.22,313.29,2387.79,8053.01,9.2061,0.02,363,2324,100.0,24.56,14.5214
1,49,41.9998,0.84,100.0,445.0,549.01,1342.83,1102.72,3.91,5.69,137.97,2211.92,8303.96,1.01,41.66,129.54,2387.96,8066.84,9.3325,0.02,329,2212,100.0,10.71,6.3426
1,50,0.0023,0.0005,100.0,518.67,642.02,1576.87,1400.86,14.62,21.57,551.79,2387.35,9032.46,1.3,47.14,519.09,2387.42,8116.94,8.4244,0.03,392,2388,100.0,38.75,23.4425
1,51,10.0044,0.2517,100.0,489.05,604.28,1493.92,1289.27,10.52,15.46,393.13,2318.67,8773.2,1.26,44.91,370.35,2387.81,8124.32,8.6035,0.03,368,2319,100.0,28.49,17.0687
1,52,25.0037,0.6215,60.0,462.54,536.26,1248.2,1035.68,7.05,9.0,174.91,1915.25,8004.56,0.93,36.27,163.58,2028.14,7860.28,10.8788,0.02,305,1915,84.93,14.14,8.5928
1,53,25.0062,0.62,60.0,462.54,536.4,1263.05,1032.95,7.05,9.0,174.47,1915.17,7990.63,0.94,36.34,163.48,2028.08,7863.55,10.899,0.02,304,1915,84.93,14.19,8.5467
1,54,42.0012,0.84,100.0,445.0,549.22,1339.16,1106.27,3.91,5.69,137.24,2211.86,8298.29,1.01,41.69,129.32,2387.92,8071.72,9.387,0.02,327,2212,100.0,10.56,6.2868
1,55,10.0074,0.25,100.0,489.05,603.72,1494.29,1294.67,10.52,15.46,393.08,2318.63,8764.37,1.26,44.99,369.1,2387.84,8120.23,8.6432,0.03,366,2319,100.0,28.7,17.1935
1,56,42.0024,0.8402,100.0,445.0,548.76,1341.03,1110.68,3.91,5.69,137.86,2211.9,8302.31,1.01,41.57,129.36,2387.97,8072.79,9.3822,0.02,329,2212,100.0,10.46,6.2885
1,57,42.0018,0.8412,100.0,445.0,549.02,1339.89,1114.43,3.91,5.69,137.32,2211.89,8305.69,1.01,41.53,129.42,2387.89,8072.37,9.3462,0.02,329,2212,100.0,10.72,6.5121
1,58,0.0011,0.0,100.0,518.67,642.25,1582.52,1404.36,14.62,21.57,551.28,2387.36,9041.84,1.3,47.21,518.43,2387.25,8118.48,8.4028,0.03,389,2388,100.0,38.85,23.1362
1,59,10.0079,0.2511,100.0,489.05,604.83,1492.98,1295.8,10.52,15.46,393.25,2318.65,8763.97,1.26,44.98,369.57,2387.86,8120.43,8.6463,0.03,366,2319,100.0,28.54,17.1541
1,60,35.0069,0.84,100.0,449.44,554.61,1357.88,1111.38,5.48,7.97,193.39,2222.77,8337.83,1.02,41.22,181.89,2387.81,8054.83,9.3302,0.02,330,2223,100.0,14.87,8.9084
1,61,20.0054,0.7,100.0,491.19,606.65,1473.73,1241.37,9.35,13.6,332.92,2323.7,8714.55,1.07,43.93,313.27,2387.82,8049.37,9.2019,0.02,361,2324,100.0,24.32,14.6149
1,62,42.0015,0.84,100.0,445.0,548.89,1348.87,1119.63,3.91,5.69,136.92,2211.94,8302.66,1.01,41.41,129.54,2387.99,8070.02,9.3781,0.02,329,2212,100.0,10.54,6.3596
1,63,10.0,0.2503,100.0,489.05,603.7,1487.83,1286.86,10.52,15.46,392.2,2318.65,8769.25,1.26,44.95,370.09,2387.82,8123.28,8.6431,0.03,366,2319,100.0,28.53,17.0904
1,64,0.0002,0.0002,100.0,518.67,641.64,1578.45,1395.93,14.62,21.57,550.79,2387.62,9033.25,1.3,47.15,518.61,2387.58,8118.59,8.4739,0.03,390,2388,100.0,38.86,23.2174
1,65,34.9986,0.84,100.0,449.44,555.17,1358.11,1116.16,5.48,7.97,192.68,2222.8,8335.42,1.02,41.62,181.66,2387.81,8052.98,9.3108,0.02,331,2223,100.0,14.93,8.9692
1,66,19.9982,0.7,100.0,491.19,606.41,1477.48,1231.66,9.35,13.6,332.54,2323.63,8709.12,1.07,43.99,312.92,2387.83,8052.47,9.1887,0.02,362,2324,100.0,24.34,14.5693
1,67,20.0059,0.7,100.0,491.19,606.31,1474.62,1241.38,9.35,13.6,332.62,2323.66,8702.99,1.07,43.82,313.49,2387.73,8048.11,9.1822,0.02,363,2324,100.0,24.56,14.6457
1,68,42.0028,0.84,100.0,445.0,548.77,1341.9,1115.21,3.91,5.69,137.56,2211.85,8314.76,1.01,41.53,129.3,2387.96,8067.46,9.3612,0.02,328,2212,100.0,10.55,6.3811
1,69,25.0026,0.622,60.0,462.54,536.11,1257.49,1040.93,7.05,8.99,173.94,1915.2,7997.2,0.93,36.36,163.21,2028.08,7860.93,10.8777,0.02,305,1915,84.93,14.15,8.4855
1,70,35.0055,0.84,100.0,449.44,555.38,1355.21,1116.94,5.48,7.97,193.37,2222.74,8330.0,1.02,41.5,181.55,2387.8,8055.35,9.2859,0.02,331,2223,100.0,14.69,8.9492
1,71,10.0007,0.25,100.0,489.05,603.58,1495.02,1292.46,10.52,15.46,392.8,2318.65,8765.73,1.26,45.03,370.38,2387.86,8119.48,8.6353,0.03,368,2319,100.0,28.68,17.1591
1,72,24.9992,0.62,60.0,462.54,536.34,1251.01,1037.6,7.05,9.0,174.71,1915.24,8006.89,0.93,36.42,163.57,2028.11,7871.2,10.8835,0.02,305,1915,84.93,14.18,8.5544
1,73,0.001,0.0013,100.0,518.67,642.35,1569.18,1395.69,14.62,21.57,550.84,2387.67,9036.53,1.3,47.09,519.32,2387.6,8121.08,8.4232,0.03,388,2388,100.0,38.94,23.2487
1,74,10.0019,0.2506,100.0,489.05,603.57,1489.48,1294.26,10.52,15.46,393.35,2318.72,8764.55,1.25,45.13,369.92,2387.87,8121.88,8.6666,0.03,369,2319,100.0,28.6,17.0896
1,75,20.0026,0.7,100.0,491.19,606.68,1472.62,1236.91,9.35,13.59,331.77,2323.6,8702.72,1.07,43.85,312.35,2387.75,8044.15,9.1618,0.02,363,2324,100.0,24.35,14.5425
1,76,19.9996,0.7,100.0,491.19,606.76,1474.43,1236.66,9.35,13.6,331.68,2323.68,8704.58,1.07,43.86,312.6,2387.84,8049.97,9.1996,0.02,362,2324,100.0,24.28,14.6061
1,77,42.006,0.841,100.0,445.0,548.85,1334.66,1119.25,3.91,5.69,137.4,2211.92,8303.43,1.01,41.75,129.47,2388.03,8075.88,9.3417,0.02,327,2212,100.0,10.54,6.4126
1,78,9.9993,0.25,100.0,489.05,604.38,1489.98,1297.3,10.52,15.46,393.19,2318.69,8761.9,1.25,45.1,370.3,2387.84,8120.77,8.6432,0.03,368,2319,100.0,28.56,17.0978
1,79,10.0062,0.25,100.0,489.05,604.07,1489.91,1292.59,10.52,15.45,392.73,2318.69,8767.73,1.26,44.94,369.77,2387.89,8121.07,8.633,0.03,366,2319,100.0,28.47,17.2433
1,80,42.0031,0.8417,100.0,445.0,548.9,1343.46,1110.38,3.91,5.69,137.33,2211.96,8300.35,1.01,41.73,129.65,2388.02,8076.76,9.351,0.02,328,2212,100.0,10.67,6.3489
1,81,20.0058,0.7,100.0,491.19,606.46,1480.25,1233.51,9.35,13.59,331.62,2323.66,8702.13,1.07,44.0,312.85,2387.75,8053.15,9.2234,0.02,362,2324,100.0,24.46,14.5874
1,82,42.0059,0.84,100.0,445.0,548.95,1346.06,1109.6,3.91,5.69,136.57,2211.92,8300.36,1.01,41.63,128.9,2387.96,8071.22,9.3643,0.02,328,2212,100.0,10.5,6.4309
1,83,20.0006,0.7,100.0,491.19,607.11,1473.21,1233.87,9.35,13.6,333.04,2323.72,8705.84,1.07,44.01,312.99,2387.77,8057.59,9.21,0.02,363,2324,100.0,24.32,14.6531
1,84,24.9995,0.6203,60.0,462.54,537.05,1254.67,1038.34,7.05,9.0,173.98,1915.24,7996.18,0.94,36.51,162.92,2028.11,7863.86,10.9032,0.02,306,1915,84.93,14.16,8.59
1,85,10.0037,0.25,100.0,489.05,604.02,1493.33,1302.11,10.52,15.46,392.85,2318.64,8769.88,1.25,44.97,369.82,2387.83,8122.45,8.6439,0.03,366,2319,100.0,28.53,17.1557
1,86,10.0079,0.25,100.0,489.05,603.27,1487.99,1295.88,10.52,15.45,393.09,2318.63,8764.25,1.26,44.91,370.32,2387.86,8126.35,8.5927,0.03,366,2319,100.0,28.79,17.1918
1,87,25.0019,0.6216,60.0,462.54,536.08,1259.11,1035.67,7.05,9.0,174.42,1915.22,8003.03,0.94,36.43,163.23,2028.15,7864.5,10.9106,0.02,303,1915,84.93,14.14,8.5143
1,88,42.0027,0.842,100.0,445.0,549.45,1341.61,1112.38,3.91,5.69,137.16,2211.97,8306.84,1.01,41.64,128.79,2387.95,8072.77,9.3745,0.02,329,2212,100.0,10.56,6.3324
1,89,20.0075,0.7,100.0,491.19,607.15,1478.59,1231.93,9.35,13.59,331.81,2323.61,8711.18,1.07,44.12,312.85,2387.73,8051.63,9.2078,0.02,362,2324,100.0,24.6,14.5764
1,90,19.9997,0.7,100.0,491.19,606.44,1472.87,1239.09,9.35,13.59,332.54,2323.67,8704.99,1.07,43.9,312.9,2387.78,8056.15,9.1976,0.02,363,2324,100.0,24.47,14.7561
1,91,10.0026,0.2513,100.0,489.05,604.15,1489.35,1296.59,10.52,15.45,392.69,2318.66,8768.35,1.26,45.05,369.69,2387.84,8113.93,8.6355,0.03,367,2319,100.0,28.6,17.1707
1,92,20.0063,0.7006,100.0,491.19,607.06,1475.5,1241.35,9.35,13.6,332.8,2323.69,8709.18,1.07,43.98,312.33,2387.79,8052.5,9.2024,0.02,362,2324,100.0,24.34,14.5655
1,93,20.0076,0.7009,100.0,491.19,607.31,1477.94,1234.41,9.35,13.59,332.04,2323.67,8707.65,1.07,44.0,312.23,2387.76,8054.08,9.1893,0.02,363,2324,100.0,24.39,14.572
1,94,10.0024,0.25,100.0,489.05,604.17,1494.19,1292.53,10.52,15.45,393.2,2318.63,8762.16,1.26,44.98,370.0,2387.81,8125.09,8.6193,0.03,367,2319,100.0,28.49,17.1873
1,95,42.003,0.8405,100.0,445.0,549.03,1338.41,1115.45,3.91,5.69,137.26,2211.9,8303.09,1.01,41.73,129.54,2388.01,8071.46,9.3759,0.02,328,2212,100.0,10.7,6.3274
1,96,35.0015,0.842,100.0,449.44,555.03,1355.75,1119.68,5.48,7.97,193.02,2222.8,8332.48,1.02,41.59,181.78,2387.85,8064.53,9.2824,0.02,332,2223,100.0,14.79,8.9197
1,97,0.0009,0.0013,100.0,518.67,641.78,1578.75,1395.54,14.62,21.57,552.9,2387.94,9042.66,1.3,46.98,520.24,2387.92,8128.59,8.3829,0.03,393,2388,100.0,38.82,23.4259
1,98,35.0052,0.8401,100.0,449.44,555.14,1359.58,1112.19,5.48,7.96,193.09,2222.72,8332.24,1.01,41.41,181.51,2387.84,8057.68,9.3161,0.02,330,2223,100.0,14.95,8.9318
1,99,10.0027,0.25,100.0,489.05,604.59,1490.74,1294.83,10.52,15.45,393.58,2318.68,8765.6,1.26,45.01,370.1,2387.88,8128.22,8.6353,0.03,368,2319,100.0,28.67,17.1452
1,100,19.9984,0.7,100.0,491.19,606.71,1471.11,1231.48,9.35,13.59,332.62,2323.66,8710.3,1.07,43.93,313.12,2387.82,8046.16,9.1943,0.02,362,2324,100.0,24.37,14.6934
1,101,35.0033,0.84,100.0,449.44,554.83,1356.69,1116.59,5.48,7.96,193.11,2222.77,8334.74,1.01,41.52,181.89,2387.87,8060.65,9.2879,0.02,332,2223,100.0,14.88,8.8377
1,102,10.0052,0.25,100.0,489.05,604.24,1492.13,1296.14,10.52,15.45,392.7,2318.65,8765.43,1.26,45.22,370.12,2387.85,8120.34,8.6173,0.03,368,2319,100.0,28.55,17.1835
1,103,42.0048,0.84,100.0,445.0,548.94,1335.99,1107.72,3.91,5.69,137.7,2211.89,8303.89,1.01,41.69,129.37,2387.99,8075.79,9.3933,0.02,326,2212,100.0,10.42,6.2548
1,104,25.0033,0.62,60.0,462.54,536.21,1258.4,1039.63,7.05,9.0,174.11,1915.23,8001.09,0.94,36.22,163.74,2028.15,7863.97,10.8588,0.02,305,1915,84.93,14.26,8.5196
1,105,19.9998,0.7011,100.0,491.19,606.51,1472.96,1235.7,9.35,13.6,332.49,2323.68,8710.78,1.07,44.06,312.93,2387.79,8051.59,9.2152,0.02,365,2324,100.0,24.46,14.6596
1,106,42.0029,0.84,100.0,445.0,548.97,1340.68,1110.05,3.91,5.69,137.63,2211.94,8304.11,1.01,41.71,129.39,2388.01,8068.64,9.3588,0.02,329,2212,100.0,10.61,6.2623
1,107,20.0017,0.7,100.0,491.19,606.49,1478.4,1234.49,9.35,13.59,331.69,2323.63,8706.78,1.07,44.11,313.2,2387.78,8049.8,9.2212,0.02,362,2324,100.0,24.46,14.7778
1,108,20.0027,0.7017,100.0,491.19,606.62,1478.24,1234.88,9.35,13.59,332.79,2323.7,8714.73,1.07,44.06,312.96,2387.86,8051.41,9.1771,0.02,362,2324,100.0,24.31,14.7288
1,109,19.9998,0.7017,100.0,491.19,606.58,1474.17,1239.08,9.35,13.6,332.67,2323.62,8707.81,1.07,43.81,313.03,2387.86,8052.27,9.2058,0.02,361,2324,100.0,24.18,14.6698
1,110,42.0074,0.84,100.0,445.0,549.12,1345.36,1114.55,3.91,5.69,137.85,2211.98,8314.29,1.01,41.59,130.19,2388.02,8079.23,9.3322,0.02,327,2212,100.0,10.49,6.3507
1,111,20.0009,0.7,100.0,491.19,606.6,1473.08,1241.93,9.35,13.59,332.18,2323.66,8715.85,1.07,44.08,313.03,2387.76,8049.48,9.214,0.02,363,2324,100.0,24.45,14.6245
1,112,20.0019,0.7,100.0,491.19,606.01,1477.96,1237.06,9.35,13.59,332.45,2323.7,8711.02,1.07,43.83,312.56,2387.84,8052.1,9.2115,0.02,362,2324,100.0,24.34,14.7241
1,113,0.002,0.0011,100.0,518.67,641.75,1578.34,1396.64,14.62,21.57,552.11,2387.86,9048.47,1.3,46.89,519.8,2387.9,8130.97,8.4143,0.03,390,2388,100.0,38.84,23.3733
1,114,42.0032,0.84,100.0,445.0,548.93,1348.19,1114.3,3.91,5.69,137.82,2211.98,8306.46,1.01,41.28,129.7,2388.03,8073.73,9.3337,0.02,328,2212,100.0,10.58,6.3551
1,115,41.9989,0.8414,100.0,445.0,549.04,1344.74,1111.3,3.91,5.69,137.28,2211.96,8310.04,1.02,41.63,130.08,2388.0,8073.43,9.3823,0.02,328,2212,100.0,10.48,6.434
1,116,0.0004,0.0003,100.0,518.67,642.4,1584.85,1393.94,14.62,21.57,552.86,2387.97,9050.11,1.3,47.0,521.17,2387.92,8129.05,8.4156,0.03,391,2388,100.0,39.07,23.3886
1,117,20.0016,0.7017,100.0,491.19,607.1,1472.62,1232.8,9.35,13.59,332.21,2323.66,8706.98,1.07,43.89,312.85,2387.76,8054.06,9.2252,0.02,363,2324,100.0,24.39,14.7392
1,118,0.0013,0.0002,100.0,518.67,641.74,1577.5,1394.21,14.62,21.57,553.29,2387.96,9045.02,1.3,47.08,520.01,2387.97,8134.36,8.394,0.03,390,2388,100.0,38.82,23.339
1,119,20.0012,0.7019,100.0,491.19,606.87,1473.31,1238.42,9.35,13.6,332.98,2323.74,8719.55,1.07,43.88,313.01,2387.79,8050.62,9.1786,0.02,363,2324,100.0,24.49,14.6814
1,120,25.0037,0.6208,60.0,462.54,536.63,1257.06,1038.26,7.05,9.0,174.94,1915.26,8001.35,0.93,36.43,164.19,2028.09,7867.95,10.8866,0.02,304,1915,84.93,14.27,8.5452
1,121,0.0021,0.0,100.0,518.67,642.11,1587.07,1393.99,14.62,21.57,551.48,2387.89,9049.49,1.3,47.15,520.47,2387.92,8129.36,8.395,0.03,390,2388,100.0,38.9,23.3839
1,122,35.0061,0.84,100.0,449.44,555.68,1355.02,1116.45,5.48,7.96,192.81,2222.76,8338.48,1.02,41.52,181.92,2387.85,8056.83,9.2998,0.02,332,2223,100.0,14.94,8.8532
1,123,42.0069,0.84,100.0,445.0,548.84,1341.57,1114.4,3.91,5.69,137.41,2211.93,8302.93,1.01,41.76,129.65,2388.01,8074.4,9.3748,0.02,327,2212,100.0,10.64,6.2495
1,124,42.0046,0.84,100.0,445.0,549.89,1348.37,1110.2,3.91,5.69,137.2,2211.88,8310.53,1.01,41.58,129.39,2388.01,8078.3,9.3771,0.02,329,2212,100.0,10.64,6.3304
1,125,0.0019,0.0,100.0,518.67,641.72,1582.02,1396.82,14.62,21.56,552.05,2387.91,9054.94,1.3,46.9,520.94,2387.87,8133.89,8.3853,0.03,391,2388,100.0,39.01,23.3841
1,126,42.0014,0.84,100.0,445.0,548.64,1346.43,1108.08,3.91,5.69,137.82,2211.96,8311.89,1.01,41.53,129.38,2387.94,8074.62,9.3438,0.02,329,2212,100.0,10.67,6.3889
1,127,10.0045,0.25,100.0,489.05,603.81,1486.77,1297.16,10.52,15.45,392.99,2318.71,8766.25,1.26,45.15,369.85,2387.88,8122.68,8.6206,0.03,367,2319,100.0,28.72,17.0026
1,128,35.0004,0.84,100.0,449.44,554.98,1353.96,1113.97,5.48,7.96,193.19,2222.79,8344.15,1.02,41.37,182.3,2387.86,8059.73,9.2673,0.02,331,2223,100.0,14.84,8.8881
1,129,41.9987,0.8411,100.0,445.0,549.1,1346.17,1114.01,3.91,5.69,138.6,2211.99,8305.01,1.01,41.46,129.24,2388.0,8079.78,9.3819,0.02,328,2212,100.0,10.62,6.4258
1,130,10.0038,0.2512,100.0,489.05,604.32,1492.59,1298.77,10.52,15.45,393.73,2318.71,8765.23,1.26,45.17,370.46,2387.84,8123.65,8.6044,0.03,367,2319,100.0,28.74,17.192
1,131,10.0059,0.25,100.0,489.05,604.19,1491.68,1293.67,10.52,15.45,393.65,2318.69,8770.75,1.26,45.11,370.07,2387.83,8123.42,8.621,0.03,366,2319,100.0,28.44,17.2281
1,132,42.0024,0.84,100.0,445.0,549.02,1337.13,1105.63,3.91,5.69,137.46,2211.94,8307.74,1.01,41.56,129.89,2388.0,8076.03,9.3824,0.02,328,2212,100.0,10.85,6.3015
1,133,42.0065,0.8403,100.0,445.0,548.76,1344.06,1118.57,3.91,5.69,137.29,2211.94,8311.2,1.01,41.69,129.66,2388.05,8074.68,9.3411,0.02,328,2212,100.0,10.44,6.3171
1,134,42.0062,0.84,100.0,445.0,548.84,1351.8,1113.75,3.91,5.69,137.81,2211.95,8307.75,1.02,41.6,129.7,2388.06,8075.22,9.3866,0.02,329,2212,100.0,10.49,6.4252
1,135,0.0015,0.0,100.0,518.67,642.18,1582.85,1387.23,14.62,21.56,552.55,2387.89,9041.95,1.3,47.05,519.9,2387.97,8133.8,8.4135,0.03,390,2388,100.0,39.14,23.4198
1,136,42.0052,0.841,100.0,445.0,549.08,1347.29,1110.84,3.91,5.69,137.5,2211.93,8316.87,1.01,41.72,130.02,2388.06,8082.11,9.3358,0.02,330,2212,100.0,10.57,6.2806
1,137,42.0024,0.84,100.0,445.0,549.21,1346.88,1102.8,3.91,5.69,137.85,2211.97,8314.57,1.02,41.52,129.9,2388.04,8077.09,9.3463,0.02,327,2212,100.0,10.57,6.2869
1,138,20.0044,0.7001,100.0,491.19,606.83,1483.12,1242.57,9.35,13.59,332.2,2323.74,8715.42,1.07,44.0,313.73,2387.84,8055.19,9.1953,0.02,364,2324,100.0,24.33,14.7665
1,139,0.0016,0.0,100.0,518.67,641.82,1578.76,1397.63,14.62,21.56,553.17,2387.97,9044.23,1.3,47.05,520.39,2387.92,8124.61,8.3959,0.03,391,2388,100.0,38.99,23.3314
1,140,42.0067,0.84,100.0,445.0,549.2,1349.37,1117.62,3.91,5.69,137.11,2211.92,8306.63,1.02,41.66,129.38,2388.04,8079.95,9.3533,0.02,329,2212,100.0,10.58,6.3418
1,141,19.9989,0.7016,100.0,491.19,607.34,1471.73,1234.55,9.35,13.6,332.51,2323.66,8707.7,1.07,43.87,313.86,2387.87,8057.12,9.2027,0.02,363,2324,100.0,24.29,14.6239
1,142,10.0003,0.25,100.0,489.05,603.76,1496.22,1297.09,10.52,15.45,393.21,2318.69,8774.26,1.26,45.02,370.66,2387.85,8123.5,8.6037,0.03,366,2319,100.0,28.56,17.2137
1,143,41.998,0.84,100.0,445.0,549.28,1342.93,1108.62,3.91,5.69,137.46,2211.99,8308.06,1.02,41.68,129.48,2388.04,8076.89,9.3745,0.02,328,2212,100.0,10.57,6.3035
1,144,42.0055,0.84,100.0,445.0,548.93,1348.51,1121.08,3.91,5.69,137.42,2211.93,8308.11,1.02,41.74,129.16,2388.05,8070.58,9.3416,0.02,329,2212,100.0,10.53,6.3079
1,145,20.0028,0.7005,100.0,491.19,607.18,1477.51,1244.35,9.35,13.59,333.22,2323.67,8715.05,1.07,43.94,313.94,2387.86,8055.43,9.1928,0.02,362,2324,100.0,24.45,14.7038
1,146,10.0052,0.25,100.0,489.05,604.81,1496.27,1300.8,10.52,15.45,393.96,2318.72,8771.44,1.26,45.17,370.74,2387.91,8129.29,8.5852,0.03,369,2319,100.0,28.73,17.2176
1,147,42.0011,0.84,100.0,445.0,548.58,1350.19,1113.77,3.91,5.68,137.99,2211.93,8308.12,1.02,41.6,129.4,2388.03,8077.85,9.3496,0.02,328,2212,100.0,10.66,6.4172
1,148,0.0023,0.0004,100.0,518.67,641.57,1578.89,1389.89,14.62,21.56,552.79,2387.91,9045.05,1.3,47.01,520.93,2387.99,8135.49,8.3952,0.03,392,2388,100.0,39.14,23.4342
1,149,42.0007,0.84,100.0,445.0,548.64,1339.38,1116.27,3.91,5.69,138.27,2212.02,8312.26,1.02,41.53,129.68,2388.08,8079.61,9.3122,0.02,329,2212,100.0,10.64,6.3002
1,150,0.0029,0.0,100.0,518.67,641.65,1582.99,1392.67,14.62,21.57,553.88,2387.94,9052.57,1.3,47.19,520.5,2387.91,8137.78,8.3741,0.03,391,2388,100.0,39.03,23.3535
1,151,34.9986,0.84,100.0,449.44,554.48,1355.4,1119.1,5.48,7.96,192.98,2222.88,8334.31,1.02,41.54,181.73,2387.98,8059.49,9.3048,0.02,331,2223,100.0,14.74,8.9767
1,152,42.0041,0.8413,100.0,445.0,548.34,1345.01,1114.8,3.91,5.69,137.84,2211.97,8312.56,1.02,41.6,129.72,2388.02,8084.01,9.3223,0.02,329,2212,100.0,10.53,6.3282
1,153,10.0052,0.25,100.0,489.05,603.84,1493.53,1296.44,10.52,15.45,393.84,2318.69,8768.73,1.26,45.24,370.65,2387.88,8121.41,8.6218,0.03,367,2319,100.0,28.63,17.2188
1,154,42.0024,0.8407,100.0,445.0,548.65,1352.17,1119.62,3.91,5.69,138.06,2211.96,8305.41,1.01,41.63,129.88,2388.04,8079.51,9.3141,0.02,329,2212,100.0,10.49,6.304
1,155,19.9997,0.7009,100.0,491.19,606.48,1478.08,1243.95,9.35,13.59,332.87,2323.71,8719.04,1.07,43.93,313.44,2387.85,8055.55,9.1933,0.02,363,2324,100.0,24.55,14.6441
1,156,25.0062,0.62,60.0,462.54,536.41,1252.14,1038.19,7.05,8.99,174.9,1915.27,7995.74,0.94,36.5,163.9,2028.16,7873.19,10.839,0.02,306,1915,84.93,14.22,8.5901
1,157,0.0023,0.0016,100.0,518.67,641.63,1586.06,1399.9,14.62,21.56,552.99,2387.96,9050.02,1.3,47.24,521.12,2387.94,8130.39,8.3727,0.03,392,2388,100.0,38.9,23.3336
1,158,41.9986,0.84,100.0,445.0,549.1,1343.85,1115.92,3.91,5.69,138.35,2211.96,8316.97,1.02,41.62,129.72,2388.1,8083.14,9.3556,0.02,328,2212,100.0,10.64,6.3721
1,159,20.0017,0.7005,100.0,491.19,606.73,1476.38,1235.52,9.35,13.58,332.46,2323.72,8719.61,1.07,43.96,313.22,2387.85,8054.79,9.173,0.02,362,2324,100.0,24.41,14.7214
1,160,0.0009,0.0,100.0,518.67,642.09,1581.5,1393.82,14.62,21.56,552.93,2387.95,9052.64,1.3,47.17,521.69,2387.95,8137.17,8.3756,0.03,391,2388,100.0,38.97,23.3432
1,161,20.0,0.7,100.0,491.19,606.9,1467.53,1237.86,9.35,13.59,332.94,2323.73,8716.41,1.07,44.19,313.14,2387.86,8057.3,9.1804,0.02,362,2324,100.0,24.6,14.7553
1,162,35.002,0.84,100.0,449.44,555.96,1364.2,1122.52,5.48,7.96,194.1,2222.88,8345.11,1.02,41.53,182.02,2387.93,8067.14,9.2958,0.02,332,2223,100.0,15.05,8.926
1,163,10.0074,0.25,100.0,489.05,604.23,1491.61,1305.27,10.52,15.45,394.25,2318.75,8773.78,1.26,45.03,371.01,2387.97,8133.83,8.612,0.03,367,2319,100.0,28.64,17.1753
1,164,35.002,0.84,100.0,449.44,555.46,1350.0,1124.91,5.48,7.96,193.3,2222.9,8346.05,1.02,41.49,182.16,2387.97,8063.8,9.2852,0.02,333,2223,100.0,14.92,8.912
1,165,10.0037,0.25,100.0,489.05,604.38,1493.59,1295.19,10.52,15.45,393.97,2318.73,8776.35,1.26,45.21,371.34,2387.96,8131.98,8.5842,0.03,368,2319,100.0,28.6,17.102
1,166,20.0008,0.7,100.0,491.19,606.5,1470.19,1244.65,9.35,13.58,333.13,2323.71,8718.69,1.07,44.0,313.51,2387.91,8052.7,9.1918,0.02,362,2324,100.0,24.45,14.6244
1,167,35.0076,0.8413,100.0,449.44,555.2,1358.71,1113.73,5.48,7.96,194.05,2222.88,8341.04,1.02,41.62,182.28,2387.97,8064.22,9.2989,0.02,333,2223,100.0,14.87,8.9717
1,168,20.0061,0.7012,100.0,491.19,607.25,1476.95,1239.43,9.35,13.58,333.51,2323.77,8710.58,1.07,44.02,312.73,2387.84,8058.61,9.1911,0.02,361,2324,100.0,24.53,14.5802
1,169,34.9996,0.84,100.0,449.44,554.97,1354.09,1118.07,5.48,7.96,193.1,2222.88,8349.54,1.02,41.45,182.2,2387.96,8062.84,9.3033,0.02,332,2223,100.0,14.74,8.8211
1,170,0.0006,0.0,100.0,518.67,642.0,1589.98,1397.47,14.62,21.56,554.05,2387.96,9056.38,1.3,47.29,521.31,2387.95,8135.31,8.3519,0.03,391,2388,100.0,39.15,23.3845
1,171,10.0061,0.25,100.0,489.05,604.48,1496.06,1296.88,10.52,15.45,394.42,2318.73,8776.65,1.26,44.93,371.89,2387.94,8136.09,8.6121,0.03,368,2319,100.0,28.58,17.1604
1,172,35.0071,0.8417,100.0,449.44,555.03,1357.75,1126.62,5.48,7.96,193.36,2222.88,8342.25,1.02,41.62,182.47,2387.94,8058.2,9.29,0.02,334,2223,100.0,14.88,8.9056
1,173,25.0047,0.6202,60.0,462.54,536.65,1253.95,1038.36,7.05,8.99,175.25,1915.35,8008.08,0.94,36.41,164.27,2028.19,7868.77,10.8196,0.02,305,1915,84.93,14.24,8.6124
1,174,42.0065,0.84,100.0,445.0,549.02,1341.68,1126.48,3.91,5.68,137.51,2212.04,8314.08,1.02,41.7,129.72,2388.08,8080.49,9.3192,0.02,329,2212,100.0,10.5,6.395
1,175,35.0011,0.841,100.0,449.44,555.43,1355.05,1117.63,5.48,7.96,193.52,2222.89,8351.24,1.02,41.52,182.44,2388.03,8067.16,9.2687,0.02,332,2223,100.0,14.91,8.8575
1,176,41.999,0.8401,100.0,445.0,548.93,1346.29,1115.07,3.91,5.69,138.04,2212.0,8313.77,1.02,41.75,130.56,2388.13,8087.18,9.2889,0.02,330,2212,100.0,10.75,6.3937
1,177,42.0073,0.84,100.0,445.0,549.12,1347.24,1117.94,3.91,5.69,138.04,2212.08,8315.75,1.02,41.71,130.17,2388.14,8082.1,9.3203,0.02,329,2212,100.0,10.52,6.2657
1,178,35.0015,0.8405,100.0,449.44,555.06,1359.48,1123.81,5.48,7.97,194.08,2223.0,8350.51,1.02,41.59,182.64,2388.01,8061.95,9.2778,0.02,333,2223,100.0,15.05,8.9392
1,179,10.0002,0.25,100.0,489.05,604.06,1497.45,1298.7,10.52,15.45,394.6,2318.73,8775.81,1.26,45.15,371.66,2387.93,8131.15,8.5701,0.03,368,2319,100.0,28.75,17.2611
1,180,42.002,0.8405,100.0,445.0,549.16,1348.86,1112.19,3.91,5.69,138.42,2212.03,8314.49,1.02,41.86,130.28,2388.14,8085.0,9.3001,0.02,328,2212,100.0,10.78,6.387
1,181,25.0041,0.62,60.0,462.54,536.81,1263.5,1036.54,7.05,8.99,175.61,1915.31,8001.16,0.94,36.46,163.86,2028.27,7877.27,10.812,0.02,307,1915,84.93,14.34,8.6591
1,182,35.0052,0.84,100.0,449.44,555.65,1362.11,1118.37,5.48,7.96,193.67,2222.94,8353.76,1.02,41.86,183.15,2387.98,8072.02,9.2648,0.02,332,2223,100.0,14.97,8.8197
1,183,35.0065,0.84,100.0,449.44,554.89,1357.98,1123.23,5.48,7.95,193.79,2222.85,8345.13,1.02,41.5,182.65,2388.02,8066.74,9.3013,0.02,333,2223,100.0,14.75,8.8236
1,184,0.0006,0.0,100.0,518.67,641.97,1590.06,1395.81,14.62,21.57,555.64,2388.0,9053.5,1.3,47.05,523.72,2388.01,8141.29,8.3832,0.03,393,2388,100.0,39.26,23.4345
1,185,0.0018,0.0,100.0,518.67,642.12,1580.38,1400.46,14.62,21.56,555.49,2388.05,9059.56,1.3,47.23,523.25,2388.08,8141.78,8.3309,0.03,392,2388,100.0,38.89,23.4132
1,186,25.0048,0.62,60.0,462.54,535.92,1256.71,1040.91,7.05,8.99,175.49,1915.34,8015.44,0.94,36.53,164.54,2028.27,7873.23,10.8406,0.02,306,1915,84.93,14.33,8.5384
1,187,20.0029,0.7,100.0,491.19,606.6,1477.22,1249.77,9.35,13.59,334.04,2323.86,8726.42,1.08,43.98,314.9,2387.98,8065.73,9.1551,0.02,364,2324,100.0,24.49,14.8298
1,188,0.002,0.0011,100.0,518.67,641.84,1590.4,1404.45,14.62,21.56,555.57,2387.97,9062.81,1.3,47.4,523.55,2387.97,8142.25,8.3638,0.03,393,2388,100.0,38.99,23.3409
1,189,25.0016,0.6201,60.0,462.54,536.27,1262.98,1037.69,7.05,8.99,175.15,1915.39,8009.94,0.94,36.4,163.8,2028.28,7874.59,10.8407,0.02,305,1915,84.93,14.29,8.6428
1,190,20.0055,0.7018,100.0,491.19,606.68,1479.28,1238.21,9.35,13.58,334.38,2323.87,8725.81,1.07,44.22,314.15,2388.01,8064.27,9.1939,0.02,364,2324,100.0,24.52,14.8076
1,191,0.0015,0.0,100.0,518.67,642.66,1587.39,1401.26,14.62,21.56,556.0,2388.09,9069.35,1.3,47.33,523.47,2387.95,8151.29,8.3614,0.03,393,2388,100.0,39.02,23.5386
1,192,10.0017,0.2513,100.0,489.05,604.08,1499.52,1301.29,10.52,15.45,395.73,2318.84,8781.12,1.26,45.13,372.58,2388.04,8137.73,8.5958,0.03,368,2319,100.0,28.88,17.3581
1,193,0.0014,0.0013,100.0,518.67,642.66,1587.68,1401.58,14.62,21.56,555.6,2388.05,9063.43,1.3,47.34,523.67,2388.02,8142.6,8.3326,0.03,392,2388,100.0,39.19,23.4479
1,194,10.0066,0.25,100.0,489.05,604.15,1491.25,1302.94,10.52,15.45,395.84,2318.92,8783.58,1.26,45.18,372.18,2388.01,8136.61,8.5669,0.03,368,2319,100.0,28.67,17.1984
1,195,24.9998,0.62,60.0,462.54,536.17,1257.65,1044.49,7.05,8.99,175.72,1915.29,8005.47,0.94,36.48,164.68,2028.31,7879.02,10.801,0.02,307,1915,84.93,14.28,8.5692
1,196,0.0002,0.0,100.0,518.67,642.15,1588.29,1402.29,14.62,21.56,556.35,2388.03,9066.16,1.3,47.33,523.96,2388.05,8144.89,8.3547,0.03,393,2388,100.0,38.9,23.4271
1,197,25.0021,0.6202,60.0,462.54,536.39,1256.96,1039.53,7.05,8.99,176.4,1915.37,8010.97,0.94,36.56,164.91,2028.37,7872.29,10.7856,0.02,306,1915,84.93,14.42,8.6455
1,198,20.0008,0.7016,100.0,491.19,607.22,1477.35,1242.38,9.35,13.59,335.14,2323.98,8725.27,1.08,44.3,315.21,2388.05,8066.63,9.1288,0.02,363,2324,100.0,24.55,14.7406
1,199,10.0044,0.25,100.0,489.05,604.58,1492.89,1307.97,10.52,15.45,396.45,2318.89,8792.26,1.26,45.45,373.07,2388.06,8140.76,8.5392,0.03,368,2319,100.0,28.87,17.2806
1,200,25.0018,0.62,60.0,462.54,536.53,1258.48,1042.15,7.05,8.99,175.44,1915.43,8009.4,0.94,36.51,164.65,2028.31,7875.17,10.7984,0.02,309,1915,84.93,14.46,8.5847
1,201,42.0045,0.8406,100.0,445.0,549.34,1354.19,1120.91,3.91,5.69,138.63,2212.09,8325.67,1.02,41.94,130.37,2388.21,8092.16,9.2707,0.02,331,2212,100.0,10.56,6.3671
1,202,41.999,0.84,100.0,445.0,549.36,1345.22,1123.39,3.91,5.69,139.28,2212.1,8323.37,1.02,42.04,130.99,2388.25,8096.49,9.2727,0.02,330,2212,100.0,10.72,6.2499
1,203,0.002,0.0006,100.0,518.67,642.52,1588.96,1403.88,14.62,21.56,556.92,2388.06,9060.19,1.3,47.41,524.57,2388.07,8150.61,8.3305,0.03,393,2388,100.0,39.07,23.3536
1,204,41.9994,0.84,100.0,445.0,549.06,1352.31,1125.32,3.91,5.69,138.86,2212.12,8327.73,1.02,42.07,130.79,2388.28,8092.98,9.2794,0.02,330,2212,100.0,10.7,6.3954
1,205,25.0052,0.6203,60.0,462.54,536.79,1253.16,1049.54,7.05,8.99,175.89,1915.47,8014.56,0.94,36.55,165.1,2028.36,7880.15,10.8399,0.02,306,1915,84.93,14.22,8.6792
1,206,35.0054,0.842,100.0,449.44,554.7,1365.63,1130.13,5.48,7.96,195.45,2223.13,8355.48,1.03,41.77,183.22,2388.23,8079.5,9.2275,0.02,334,2223,100.0,14.87,9.0137
1,207,10.0022,0.25,100.0,489.05,604.43,1499.16,1305.22,10.52,15.45,396.39,2318.9,8789.99,1.26,45.18,372.78,2388.11,8144.24,8.5658,0.03,369,2319,100.0,28.77,17.2054
1,208,42.0073,0.84,100.0,445.0,549.47,1353.94,1126.57,3.91,5.69,139.1,2212.15,8335.07,1.03,42.04,130.99,2388.28,8096.56,9.2574,0.02,329,2212,100.0,10.61,6.3942
1,209,20.0059,0.7,100.0,491.19,607.03,1474.2,1246.17,9.35,13.58,336.63,2324.03,8730.47,1.08,44.34,316.63,2388.18,8070.0,9.098,0.02,365,2324,100.0,24.68,14.7821
1,210,25.0076,0.6206,60.0,462.54,536.8,1264.99,1049.34,7.05,8.99,175.18,1915.53,8018.09,0.94,36.59,165.49,2028.34,7873.06,10.7946,0.02,306,1915,84.93,14.38,8.6049
1,211,20.0009,0.7017,100.0,491.19,607.01,1483.08,1248.86,9.35,13.58,335.77,2324.0,8736.65,1.08,44.39,316.43,2388.11,8069.82,9.1094,0.02,364,2324,100.0,24.64,14.6993
1,212,25.0031,0.62,60.0,462.54,536.75,1259.52,1040.97,7.05,8.99,175.75,1915.49,8019.91,0.94,36.59,165.71,2028.43,7885.55,10.7983,0.02,307,1915,84.93,14.22,8.5448
1,213,25.0027,0.62,60.0,462.54,536.74,1260.54,1048.27,7.05,8.99,175.68,1915.59,8010.53,0.94,36.8,165.12,2028.4,7880.49,10.7959,0.02,307,1915,84.93,14.45,8.6023
1,214,20.0053,0.7,100.0,491.19,607.17,1484.49,1254.78,9.35,13.58,336.3,2324.0,8738.37,1.08,44.1,316.93,2388.21,8073.03,9.1127,0.02,365,2324,100.0,24.55,14.7273
1,215,0.0029,0.0,100.0,518.67,642.65,1591.75,1407.74,14.62,21.56,558.28,2388.17,9074.68,1.3,47.21,526.66,2388.16,8159.11,8.3097,0.03,392,2388,100.0,39.32,23.3938
1,216,20.0025,0.7,100.0,491.19,607.22,1479.11,1243.48,9.35,13.58,336.97,2324.13,8738.48,1.08,44.48,316.72,2388.19,8071.56,9.1249,0.02,366,2324,100.0,24.67,14.6939
1,217,42.0038,0.8402,100.0,445.0,549.13,1350.0,1116.87,3.91,5.68,139.24,2212.18,8337.15,1.02,42.02,131.48,2388.26,8101.96,9.22,0.02,332,2212,100.0,10.62,6.354
1,218,25.0004,0.6203,60.0,462.54,536.46,1258.0,1042.77,7.05,8.99,176.09,1915.58,8017.96,0.94,36.84,165.9,2028.44,7889.79,10.7528,0.02,306,1915,84.93,14.3,8.595
1,219,25.0052,0.6206,60.0,462.54,536.61,1259.48,1045.23,7.05,8.99,175.95,1915.56,8021.27,0.94,36.59,165.42,2028.42,7884.64,10.7582,0.02,308,1915,84.93,14.42,8.6108
1,220,42.0042,0.84,100.0,445.0,549.27,1344.96,1123.48,3.91,5.68,138.97,2212.21,8343.4,1.03,42.38,131.54,2388.29,8100.8,9.2336,0.02,332,2212,100.0,10.53,6.3662
1,221,9.9988,0.2509,100.0,489.05,604.68,1508.06,1309.32,10.52,15.45,399.0,2319.06,8804.39,1.26,45.36,374.82,2388.23,8152.9,8.5121,0.03,371,2319,100.0,28.79,17.4054
1,222,42.0066,0.8401,100.0,445.0,549.29,1350.2,1125.82,3.91,5.68,140.02,2212.25,8344.11,1.03,42.32,131.31,2388.26,8104.67,9.2262,0.02,330,2212,100.0,10.67,6.4377
1,223,20.0045,0.7,100.0,491.19,606.89,1483.67,1253.47,9.35,13.58,337.66,2324.21,8745.49,1.08,44.36,317.6,2388.33,8082.01,9.0773,0.02,366,2324,100.0,24.77,14.8542
1,224,35.0002,0.84,100.0,449.44,555.63,1363.27,1131.91,5.48,7.95,196.58,2223.29,8372.67,1.03,41.97,184.99,2388.36,8090.64,9.1698,0.02,334,2223,100.0,14.99,8.9818
1,225,25.0047,0.62,60.0,462.54,536.64,1257.31,1049.13,7.05,8.99,176.69,1915.6,8024.78,0.94,36.63,166.01,2028.54,7883.42,10.7549,0.02,307,1915,84.93,14.39,8.5845
1,226,0.0018,0.0019,100.0,518.67,642.33,1592.22,1406.67,14.62,21.56,560.83,2388.24,9095.97,1.31,47.55,528.34,2388.22,8162.71,8.2953,0.03,394,2388,100.0,39.46,23.5819
1,227,35.0068,0.8414,100.0,449.44,555.47,1369.11,1133.25,5.48,7.96,196.41,2223.26,8371.4,1.03,42.25,184.88,2388.44,8092.23,9.1952,0.02,335,2223,100.0,14.9,8.9485
1,228,42.001,0.8418,100.0,445.0,549.45,1352.89,1129.7,3.91,5.68,139.77,2212.32,8350.47,1.03,42.23,131.55,2388.4,8112.49,9.2161,0.02,332,2212,100.0,10.65,6.5274
1,229,42.0055,0.84,100.0,445.0,549.45,1356.32,1129.66,3.91,5.68,139.87,2212.31,8340.68,1.03,42.1,131.49,2388.45,8109.04,9.2439,0.02,331,2212,100.0,10.54,6.3622
1,230,25.007,0.6214,60.0,462.54,537.66,1264.31,1046.41,7.05,8.99,176.56,1915.66,8023.1,0.94,36.87,166.19,2028.53,7890.31,10.7615,0.02,308,1915,84.93,14.41,8.6329
5,1,42.0003,0.84,100.0,445.0,549.73,1352.04,1123.66,3.91,5.71,138.31,2211.86,8323.79,1.02,42.3,130.54,2387.91,8082.97,9.3695,0.02,331,2212,100.0,10.59,6.3617
5,2,0.0019,0.0004,100.0,518.67,642.2,1590.45,1410.99,14.62,21.61,553.67,2388.15,9058.41,1.3,47.72,521.48,2388.13,8133.23,8.4412,0.03,393,2388,100.0,38.73,23.2832
5,3,25.0068,0.62,60.0,462.54,537.09,1264.05,1047.07,7.05,9.02,175.3,1915.29,8019.36,0.94,36.8,164.1,2028.27,7880.46,10.9233,0.02,308,1915,84.93,14.26,8.5674
5,4,41.9985,0.8417,100.0,445.0,549.54,1356.43,1123.87,3.91,5.72,138.15,2211.86,8329.06,1.02,42.13,130.01,2387.96,8087.09,9.4295,0.02,333,2212,100.0,10.44,6.3756
5,5,35.0048,0.84,100.0,449.44,556.36,1363.77,1134.03,5.48,8.0,194.18,2222.96,8356.39,1.02,42.26,182.81,2388.06,8073.47,9.345,0.02,334,2223,100.0,14.87,8.9136
5,6,0.0002,0.0005,100.0,518.67,642.64,1597.12,1404.85,14.62,21.61,553.52,2388.13,9058.41,1.3,47.41,521.05,2388.14,8132.85,8.4331,0.03,394,2388,100.0,38.69,23.3111
5,7,42.0068,0.8402,100.0,445.0,549.87,1358.68,1124.63,3.91,5.71,138.48,2211.86,8317.85,1.02,42.4,130.39,2387.94,8084.95,9.3855,0.02,331,2212,100.0,10.45,6.451
5,8,0.0006,0.0006,100.0,518.67,642.78,1594.22,1407.55,14.62,21.61,553.13,2388.18,9055.66,1.3,47.61,521.85,2388.11,8135.43,8.4394,0.03,394,2388,100.0,38.78,23.2205
5,9,25.0014,0.62,60.0,462.54,536.58,1263.95,1059.11,7.05,9.03,175.61,1915.34,8018.83,0.94,36.81,164.67,2028.15,7876.82,10.9186,0.02,308,1915,84.93,14.17,8.4799
5,10,42.0054,0.84,100.0,445.0,549.38,1352.17,1130.9,3.91,5.72,138.4,2211.87,8315.93,1.02,42.16,130.6,2387.9,8085.76,9.4055,0.02,330,2212,100.0,10.69,6.1834
5,11,42.002,0.84,100.0,445.0,549.69,1355.44,1136.4,3.91,5.71,138.8,2211.84,8324.83,1.02,42.17,130.54,2387.92,8082.34,9.4009,0.02,332,2212,100.0,10.69,6.3649
5,12,10.001,0.25,100.0,489.05,604.77,1501.52,1312.3,10.52,15.49,394.09,2318.98,8776.71,1.26,45.42,371.36,2388.16,8131.24,8.6694,0.03,369,2319,100.0,28.64,17.0523
5,13,25.0026,0.6216,60.0,462.54,537.13,1262.88,1044.67,7.05,9.02,175.54,1915.35,8010.24,0.94,36.8,164.9,2028.22,7876.26,10.9222,0.02,306,1915,84.93,14.23,8.6465
5,14,0.0005,0.0007,100.0,518.67,642.75,1595.48,1412.33,14.62,21.61,553.48,2388.09,9056.16,1.3,47.48,520.79,2388.09,8132.24,8.4645,0.03,394,2388,100.0,38.84,23.3003
5,15,10.0003,0.2515,100.0,489.05,604.75,1508.23,1313.33,10.52,15.5,393.95,2318.97,8774.42,1.26,45.58,371.22,2388.2,8132.4,8.7037,0.03,370,2319,100.0,28.69,17.078
5,16,42.0027,0.8417,100.0,445.0,549.76,1352.59,1133.82,3.91,5.72,138.86,2211.86,8328.39,1.02,42.17,130.04,2387.93,8083.17,9.3735,0.02,332,2212,100.0,10.69,6.3536
5,17,42.0002,0.84,100.0,445.0,549.63,1348.95,1123.59,3.91,5.72,138.87,2211.86,8317.09,1.02,42.35,130.22,2387.94,8079.63,9.4042,0.02,332,2212,100.0,10.5,6.3945
5,18,25.0068,0.62,60.0,462.54,537.26,1260.22,1051.91,7.05,9.03,175.79,1915.35,8007.75,0.94,36.91,164.27,2028.27,7880.54,10.9091,0.02,308,1915,84.93,14.22,8.5198
5,19,10.0017,0.25,100.0,489.05,605.39,1504.33,1318.16,10.52,15.49,394.13,2318.99,8788.83,1.26,45.6,370.8,2388.17,8122.64,8.6635,0.03,370,2319,100.0,28.62,17.1402
5,20,34.9985,0.84,100.0,449.44,555.95,1363.75,1128.44,5.48,8.0,194.41,2223.02,8347.37,1.02,42.09,182.9,2388.1,8062.79,9.3179,0.02,335,2223,100.0,14.66,8.8955
5,21,35.0044,0.8411,100.0,449.44,555.79,1371.28,1129.14,5.48,8.0,194.27,2222.97,8352.69,1.02,42.03,182.74,2388.09,8071.15,9.339,0.02,333,2223,100.0,14.74,8.9276
5,22,42.001,0.8417,100.0,445.0,549.04,1354.69,1122.24,3.91,5.72,138.13,2211.91,8328.72,1.02,42.17,130.4,2387.97,8086.24,9.4061,0.02,331,2212,100.0,10.61,6.3863
5,23,24.9986,0.62,60.0,462.54,537.19,1266.82,1048.96,7.05,9.03,174.69,1915.36,8011.74,0.94,36.88,164.62,2028.25,7873.54,10.9298,0.02,307,1915,84.93,14.16,8.5426
5,24,0.0024,0.0011,100.0,518.67,642.95,1592.1,1406.87,14.62,21.61,553.15,2388.15,9062.97,1.3,47.51,521.42,2388.16,8134.48,8.4453,0.03,393,2388,100.0,38.76,23.3713
5,25,42.0013,0.84,100.0,445.0,550.34,1357.61,1135.48,3.91,5.71,138.83,2211.9,8328.93,1.02,42.04,130.85,2388.0,8084.26,9.3787,0.02,331,2212,100.0,10.67,6.3804
5,26,25.0,0.62,60.0,462.54,536.82,1269.55,1048.82,7.05,9.02,174.77,1915.32,8008.68,0.94,36.9,164.55,2028.2,7871.41,10.9094,0.02,307,1915,84.93,14.18,8.6329
5,27,42.0005,0.8409,100.0,445.0,549.34,1360.03,1128.78,3.91,5.71,138.65,2211.88,8323.74,1.02,42.24,131.26,2387.92,8080.54,9.3863,0.02,331,2212,100.0,10.45,6.3527
5,28,42.0048,0.84,100.0,445.0,549.91,1351.91,1125.54,3.91,5.71,138.43,2211.89,8324.37,1.02,42.14,130.41,2387.93,8088.31,9.3973,0.02,330,2212,100.0,10.55,6.4127
5,29,42.003,0.8411,100.0,445.0,549.46,1363.26,1133.38,3.91,5.72,138.21,2211.94,8324.6,1.02,42.14,130.52,2387.97,8089.27,9.3366,0.02,331,2212,100.0,10.68,6.4294
5,30,20.0029,0.7017,100.0,491.19,608.52,1494.37,1258.39,9.35,13.66,333.94,2324.06,8727.47,1.07,44.37,314.18,2388.16,8062.29,9.2406,0.02,365,2324,100.0,24.53,14.6167
5,31,10.0031,0.25,100.0,489.05,604.84,1494.7,1310.88,10.52,15.49,394.34,2319.0,8785.5,1.26,45.39,371.81,2388.2,8126.4,8.6616,0.03,369,2319,100.0,28.57,17.1124
5,32,25.0028,0.621,60.0,462.54,537.06,1265.05,1055.13,7.05,9.03,174.58,1915.4,8016.44,0.94,37.03,164.97,2028.24,7876.63,10.9276,0.02,308,1915,84.93,14.19,8.5791
5,33,35.0043,0.84,100.0,449.44,556.23,1365.31,1135.28,5.48,8.0,194.33,2223.02,8352.67,1.02,42.08,182.77,2388.05,8074.05,9.3061,0.02,334,2223,100.0,14.76,8.8737
5,34,20.0036,0.7,100.0,491.19,608.32,1486.62,1255.98,9.35,13.66,334.12,2324.01,8724.84,1.08,44.62,314.45,2388.17,8058.57,9.2652,0.02,368,2324,100.0,24.34,14.55
5,35,42.0074,0.84,100.0,445.0,549.61,1364.02,1125.77,3.91,5.72,138.0,2211.84,8325.89,1.02,42.22,130.06,2387.94,8083.23,9.3551,0.02,333,2212,100.0,10.68,6.225
5,36,9.9998,0.2506,100.0,489.05,605.24,1498.0,1305.99,10.52,15.49,393.9,2318.93,8780.36,1.26,45.66,371.33,2388.22,8128.46,8.6722,0.03,370,2319,100.0,28.51,17.0631
5,37,9.9981,0.25,100.0,489.05,605.03,1496.84,1312.74,10.52,15.5,393.94,2318.95,8783.67,1.26,45.43,371.33,2388.17,8133.8,8.7018,0.03,368,2319,100.0,28.66,17.1673
5,38,10.0075,0.251,100.0,489.05,605.23,1509.82,1311.7,10.52,15.49,394.97,2318.92,8789.38,1.26,45.53,371.34,2388.14,8137.28,8.6193,0.03,369,2319,100.0,28.58,17.1243
5,39,19.9993,0.7,100.0,491.19,608.2,1487.7,1257.09,9.35,13.66,334.42,2323.96,8734.31,1.08,44.53,314.65,2388.1,8060.61,9.2546,0.03,365,2324,100.0,24.49,14.6307
5,40,25.0009,0.62,60.0,462.54,536.96,1260.0,1049.52,7.05,9.03,175.11,1915.39,8007.84,0.94,36.8,164.43,2028.26,7876.68,10.9434,0.02,307,1915,84.93,14.25,8.4797
5,41,42.0041,0.84,100.0,445.0,549.68,1362.48,1126.17,3.91,5.72,139.26,2211.91,8325.99,1.02,42.22,130.19,2387.96,8082.76,9.4245,0.02,331,2212,100.0,10.63,6.3852
5,42,42.0077,0.84,100.0,445.0,550.55,1356.44,1128.9,3.91,5.72,138.93,2211.88,8326.59,1.02,42.18,130.6,2388.0,8085.65,9.398,0.02,330,2212,100.0,10.95,6.3454
5,43,0.0006,0.0,100.0,518.67,642.66,1585.03,1408.19,14.62,21.61,552.53,2388.12,9059.45,1.3,47.51,521.47,2388.13,8141.51,8.4336,0.03,392,2388,100.0,39.04,23.194
5,44,10.0035,0.25,100.0,489.05,605.11,1496.0,1311.93,10.52,15.49,394.22,2319.04,8779.91,1.26,45.6,371.04,2388.18,8131.69,8.7411,0.03,370,2319,100.0,28.31,17.0229
5,45,42.0019,0.84,100.0,445.0,549.8,1361.25,1133.58,3.91,5.72,138.81,2211.85,8319.55,1.02,42.11,130.42,2387.97,8082.16,9.3573,0.02,331,2212,100.0,10.57,6.4135
5,46,42.0034,0.84,100.0,445.0,549.78,1352.09,1131.28,3.91,5.72,138.99,2211.9,8323.58,1.02,42.31,130.22,2387.99,8083.62,9.4088,0.02,331,2212,100.0,10.52,6.3635
5,47,0.0026,0.0,100.0,518.67,642.73,1590.28,1404.2,14.62,21.61,553.55,2388.13,9053.82,1.3,47.72,521.72,2388.07,8140.9,8.4669,0.03,393,2388,100.0,38.74,23.2228
5,48,10.0036,0.2512,100.0,489.05,604.7,1500.68,1312.57,10.52,15.5,394.31,2318.93,8783.97,1.26,45.6,371.36,2388.15,8131.89,8.6931,0.03,368,2319,100.0,28.63,17.1835
5,49,42.0057,0.8406,100.0,445.0,550.01,1359.05,1130.48,3.91,5.71,138.34,2211.87,8325.58,1.02,42.23,130.73,2388.0,8087.65,9.384,0.02,331,2212,100.0,10.42,6.3292
5,50,35.0014,0.84,100.0,449.44,556.33,1366.97,1132.35,5.48,8.0,193.69,2222.93,8359.23,1.02,42.09,183.37,2388.05,8068.77,9.322,0.02,335,2223,100.0,14.67,8.9012
5,51,25.0039,0.62,60.0,462.54,537.36,1263.6,1052.52,7.05,9.03,175.53,1915.36,8011.76,0.94,37.11,164.95,2028.24,7873.75,10.9094,0.02,307,1915,84.93,14.19,8.6248
12,1,42.0052,0.84,100.0,445.0,549.18,1350.99,1112.01,3.91,5.69,136.9,2211.83,8306.91,1.02,41.55,129.51,2387.96,8070.6,9.3939,0.02,328,2212,100.0,10.49,6.4485
12,2,9.9989,0.25,100.0,489.05,604.07,1492.66,1301.94,10.52,15.46,392.44,2318.64,8762.18,1.26,44.89,369.22,2387.77,8121.25,8.6249,0.03,366,2319,100.0,28.53,17.0841
12,3,34.9987,0.84,100.0,449.44,555.41,1352.97,1116.43,5.48,7.97,192.67,2222.69,8333.88,1.01,41.23,181.57,2387.76,8056.39,9.3203,0.02,331,2223,100.0,14.94,8.8841
12,4,20.0047,0.7004,100.0,491.19,606.71,1469.56,1235.48,9.35,13.6,331.87,2323.58,8703.04,1.07,43.94,312.64,2387.77,8049.93,9.2531,0.02,362,2324,100.0,24.58,14.7114
12,5,35.0014,0.84,100.0,449.44,554.81,1352.94,1114.97,5.48,7.97,193.07,2222.76,8333.53,1.02,41.2,181.87,2387.85,8050.49,9.3088,0.02,331,2223,100.0,14.75,8.9335
12,6,20.0014,0.7012,100.0,491.19,607.24,1469.91,1233.8,9.35,13.6,331.82,2323.61,8714.01,1.07,43.89,312.34,2387.73,8044.85,9.2075,0.02,362,2324,100.0,24.67,14.6217
12,7,24.9992,0.6201,60.0,462.54,536.23,1248.0,1033.91,7.05,9.0,174.29,1915.13,7992.38,0.93,36.35,163.5,2028.07,7860.17,10.8909,0.02,306,1915,84.93,14.18,8.6203
12,8,10.0043,0.2513,100.0,489.05,603.49,1491.36,1294.12,10.52,15.46,392.8,2318.62,8771.2,1.26,45.0,369.79,2387.82,8121.55,8.646,0.03,366,2319,100.0,28.59,17.21
12,9,10.0075,0.25,100.0,489.05,604.23,1494.43,1290.16,10.52,15.45,392.81,2318.57,8760.54,1.25,44.79,369.81,2387.79,8117.7,8.6204,0.03,367,2319,100.0,28.74,17.1728
12,10,35.0071,0.8411,100.0,449.44,554.88,1354.69,1116.23,5.48,7.97,192.83,2222.72,8332.71,1.01,41.51,181.1,2387.81,8054.69,9.3517,0.02,332,2223,100.0,14.72,8.8374
12,11,41.9985,0.84,100.0,445.0,548.94,1344.06,1107.98,3.91,5.69,137.88,2211.85,8297.86,1.01,41.74,129.58,2387.98,8069.74,9.4116,0.02,327,2212,100.0,10.51,6.4095
12,12,10.0055,0.2518,100.0,489.05,604.85,1485.21,1293.81,10.52,15.46,392.34,2318.61,8761.07,1.25,44.95,369.91,2387.77,8121.84,8.637,0.03,368,2319,100.0,28.67,17.2934
12,13,20.0041,0.7,100.0,491.19,607.18,1474.07,1238.21,9.35,13.6,332.38,2323.62,8704.71,1.07,43.95,312.73,2387.72,8049.63,9.2459,0.02,362,2324,100.0,24.32,14.6303
12,14,41.9987,0.842,100.0,445.0,548.79,1343.58,1103.84,3.91,5.69,137.76,2211.85,8294.98,1.01,41.43,128.87,2387.95,8063.74,9.3546,0.02,329,2212,100.0,10.48,6.4562
12,15,10.0078,0.2512,100.0,489.05,604.13,1487.04,1299.84,10.52,15.46,392.76,2318.58,8759.64,1.25,45.02,369.69,2387.9,8120.55,8.6315,0.03,366,2319,100.0,28.59,17.0905
12,16,42.0019,0.8415,100.0,445.0,548.66,1336.61,1109.21,3.91,5.69,137.42,2211.85,8307.11,1.01,41.75,129.25,2387.98,8067.1,9.3713,0.02,327,2212,100.0,10.49,6.4169
12,17,41.9993,0.84,100.0,445.0,548.48,1345.7,1105.32,3.91,5.69,137.52,2211.85,8297.12,1.01,41.5,129.79,2387.92,8070.77,9.3662,0.02,329,2212,100.0,10.61,6.3857
12,18,10.0032,0.2501,100.0,489.05,603.65,1490.7,1295.01,10.52,15.46,393.16,2318.62,8764.97,1.25,44.89,369.57,2387.84,8120.18,8.6228,0.03,367,2319,100.0,28.55,17.1396
12,19,41.9989,0.84,100.0,445.0,549.17,1344.08,1109.02,3.91,5.69,137.75,2211.85,8300.08,1.01,41.47,129.26,2387.91,8066.65,9.39,0.02,329,2212,100.0,10.55,6.473
12,20,25.0008,0.62,60.0,462.54,536.89,1251.17,1037.03,7.05,9.0,174.96,1915.22,7993.91,0.94,36.46,163.45,2028.06,7863.24,10.8867,0.02,305,1915,84.93,14.13,8.5305
12,21,42.0056,0.8405,100.0,445.0,548.53,1339.94,1108.74,3.91,5.69,137.8,2211.88,8301.22,1.01,41.66,129.61,2387.95,8072.0,9.3784,0.02,328,2212,100.0,10.58,6.3545
12,22,0.0018,0.0,100.0,518.67,641.76,1581.89,1393.18,14.62,21.57,551.01,2387.87,9041.76,1.3,47.19,519.53,2387.84,8122.9,8.4041,0.03,391,2388,100.0,38.79,23.3428
12,23,0.0018,0.0002,100.0,518.67,641.74,1586.15,1390.39,14.62,21.57,551.46,2387.88,9038.26,1.3,46.93,518.93,2387.79,8128.91,8.4215,0.03,391,2388,100.0,38.95,23.3674
12,24,20.0078,0.7015,100.0,491.19,607.05,1473.41,1238.18,9.35,13.6,331.58,2323.61,8703.15,1.07,43.68,312.41,2387.73,8046.14,9.2219,0.02,363,2324,100.0,24.41,14.6885
12,25,20.0012,0.7016,100.0,491.19,607.03,1468.61,1235.17,9.35,13.6,331.96,2323.59,8704.38,1.07,43.86,312.46,2387.75,8048.77,9.2453,0.02,363,2324,100.0,24.41,14.7449
12,26,0.0024,0.0007,100.0,518.67,642.27,1575.94,1395.92,14.62,21.58,551.44,2387.71,9038.59,1.3,47.02,518.85,2387.71,8118.7,8.4087,0.03,390,2388,100.0,38.87,23.3347
12,27,20.0013,0.7,100.0,491.19,606.78,1476.17,1230.79,9.35,13.6,332.15,2323.63,8708.14,1.07,43.97,312.29,2387.77,8051.14,9.1916,0.02,363,2324,100.0,24.49,14.7136
12,28,42.0076,0.84,100.0,445.0,548.74,1338.83,1110.17,3.91,5.69,137.53,2211.89,8298.87,1.01,41.69,129.51,2387.94,8071.46,9.3589,0.02,329,2212,100.0,10.47,6.2996
12,29,20.0031,0.7,100.0,491.19,606.97,1477.84,1244.39,9.35,13.6,332.18,2323.64,8704.0,1.07,43.98,312.3,2387.71,8047.01,9.2109,0.02,362,2324,100.0,24.27,14.6004
12,30,0.0018,0.0,100.0,518.67,641.88,1577.84,1387.73,14.62,21.57,551.17,2387.99,9040.97,1.3,46.91,519.25,2388.02,8128.01,8.4133,0.03,390,2388,100.0,39.1,23.4151
12,31,10.0058,0.25,100.0,489.05,604.2,1489.55,1298.19,10.52,15.46,392.58,2318.63,8758.14,1.26,44.99,369.52,2387.81,8119.37,8.6085,0.03,367,2319,100.0,28.54,17.0613
12,32,25.0054,0.62,60.0,462.54,536.07,1257.89,1042.34,7.05,9.0,174.23,1915.17,7993.58,0.94,36.43,163.35,2028.07,7865.18,10.8723,0.02,306,1915,84.93,14.18,8.6207
12,33,9.9995,0.251,100.0,489.05,603.94,1491.52,1290.35,10.52,15.45,392.59,2318.63,8752.92,1.25,44.67,369.18,2387.79,8115.39,8.6509,0.03,367,2319,100.0,28.66,17.278
12,34,0.0013,0.0,100.0,518.67,641.63,1582.04,1393.55,14.62,21.57,551.03,2388.01,9035.59,1.3,46.92,519.55,2388.02,8126.05,8.4058,0.03,390,2388,100.0,39.02,23.2852
12,35,10.0,0.25,100.0,489.05,604.16,1496.25,1294.27,10.52,15.45,392.0,2318.62,8765.27,1.25,44.92,369.44,2387.76,8122.4,8.6325,0.03,367,2319,100.0,28.46,17.0698
12,36,20.0027,0.7013,100.0,491.19,606.52,1473.25,1229.62,9.35,13.6,332.87,2323.59,8703.96,1.07,43.72,312.61,2387.75,8047.06,9.2265,0.02,363,2324,100.0,24.59,14.5971
12,37,42.0034,0.84,100.0,445.0,549.15,1347.29,1109.54,3.91,5.69,137.26,2211.89,8297.35,1.01,41.53,129.48,2387.97,8070.48,9.3849,0.02,328,2212,100.0,10.64,6.4207
12,38,42.0075,0.8402,100.0,445.0,549.16,1342.78,1115.4,3.91,5.69,137.38,2211.86,8298.26,1.01,41.55,129.77,2387.92,8068.19,9.3674,0.02,329,2212,100.0,10.81,6.3124
12,39,42.0007,0.84,100.0,445.0,549.4,1344.74,1113.85,3.91,5.69,137.57,2211.84,8294.68,1.01,41.58,129.29,2387.85,8072.71,9.386,0.02,329,2212,100.0,10.52,6.3486
12,40,20.0069,0.7019,100.0,491.19,607.2,1478.09,1230.7,9.35,13.6,332.49,2323.61,8706.63,1.07,43.82,312.88,2387.68,8045.18,9.2161,0.02,363,2324,100.0,24.48,14.6542
12,41,42.0075,0.84,100.0,445.0,549.08,1340.26,1106.23,3.91,5.69,137.41,2211.9,8302.98,1.01,41.52,128.81,2387.91,8074.88,9.4052,0.02,329,2212,100.0,10.48,6.2442
12,42,10.0017,0.25,100.0,489.05,604.09,1486.76,1296.95,10.52,15.45,392.43,2318.62,8764.01,1.25,44.98,369.36,2387.8,8120.43,8.6222,0.03,365,2319,100.0,28.59,17.0126
12,43,0.0019,0.0,100.0,518.67,641.96,1577.59,1385.25,14.62,21.57,551.12,2387.95,9033.22,1.3,47.0,519.07,2387.95,8126.84,8.4214,0.03,390,2388,100.0,38.9,23.2589
12,44,42.0029,0.84,100.0,445.0,549.22,1341.1,1109.73,3.91,5.69,137.74,2211.93,8305.22,1.01,41.83,129.93,2387.91,8070.1,9.4034,0.02,329,2212,100.0,10.53,6.2522
12,45,42.0036,0.84,100.0,445.0,548.96,1343.26,1112.28,3.91,5.69,137.54,2211.85,8304.5,1.01,41.55,129.13,2387.98,8074.82,9.3401,0.02,327,2212,100.0,10.53,6.3166
12,46,20.0057,0.7018,100.0,491.19,607.08,1472.77,1233.84,9.35,13.6,332.44,2323.62,8706.4,1.07,44.05,312.64,2387.73,8051.63,9.2188,0.02,362,2324,100.0,24.42,14.6922
12,47,42.0027,0.84,100.0,445.0,548.39,1345.45,1103.87,3.91,5.69,138.23,2211.91,8300.56,1.01,41.69,129.24,2387.91,8070.54,9.3873,0.02,328,2212,100.0,10.62,6.4059
12,48,0.0028,0.0,100.0,518.67,642.01,1579.85,1395.95,14.62,21.57,551.7,2387.68,9035.7,1.3,47.23,519.37,2387.73,8121.65,8.4135,0.03,390,2388,100.0,38.93,23.3359
12,49,34.9985,0.8417,100.0,449.44,555.28,1354.7,1116.95,5.48,7.97,193.06,2222.75,8333.15,1.02,41.36,181.91,2387.83,8059.12,9.3263,0.02,332,2223,100.0,14.84,8.8588
12,50,20.0067,0.7013,100.0,491.19,606.29,1477.46,1235.28,9.35,13.6,331.87,2323.6,8712.06,1.07,43.83,312.52,2387.69,8046.92,9.1892,0.02,362,2324,100.0,24.37,14.7379
12,51,9.9984,0.25,100.0,489.05,604.65,1481.1,1299.39,10.52,15.46,392.21,2318.62,8766.77,1.25,44.91,370.04,2387.84,8119.98,8.649,0.03,367,2319,100.0,28.61,17.1606
12,52,41.9986,0.84,100.0,445.0,549.33,1351.7,1111.65,3.91,5.69,137.48,2211.85,8311.22,1.01,41.69,128.78,2387.94,8075.64,9.3968,0.02,328,2212,100.0,10.56,6.3594
12,53,35.0043,0.84,100.0,449.44,555.16,1353.12,1115.36,5.48,7.96,192.91,2222.69,8325.54,1.02,41.28,181.05,2387.71,8050.24,9.2986,0.02,332,2223,100.0,14.83,8.8709
12,54,9.9998,0.25,100.0,489.05,604.16,1487.61,1295.11,10.52,15.46,392.72,2318.61,8765.82,1.25,45.06,369.55,2387.78,8119.06,8.6378,0.03,367,2319,100.0,28.49,17.1296
12,55,35.0008,0.8407,100.0,449.44,554.63,1352.65,1119.55,5.48,7.97,192.42,2222.69,8331.17,1.02,41.47,181.2,2387.82,8052.73,9.287,0.02,328,2223,100.0,14.8,8.9438
12,56,20.0045,0.7012,100.0,491.19,607.0,1475.69,1230.29,9.35,13.6,332.73,2323.65,8705.71,1.07,43.98,312.94,2387.79,8045.23,9.1989,0.02,363,2324,100.0,24.24,14.7246
12,57,20.0069,0.7,100.0,491.19,606.59,1471.96,1235.84,9.35,13.59,331.57,2323.56,8700.36,1.07,43.94,312.3,2387.72,8049.19,9.1858,0.02,362,2324,100.0,24.44,14.6092
12,58,34.9996,0.8405,100.0,449.44,555.09,1358.8,1109.27,5.48,7.97,193.37,2222.71,8330.08,1.01,41.47,181.62,2387.8,8054.06,9.3797,0.02,331,2223,100.0,14.66,8.8237
12,59,10.0012,0.2518,100.0,489.05,603.77,1485.43,1292.65,10.52,15.46,392.42,2318.64,8760.58,1.25,44.82,369.54,2387.8,8118.5,8.6075,0.03,368,2319,100.0,28.6,17.128
12,60,42.0062,0.84,100.0,445.0,548.77,1333.86,1111.16,3.91,5.69,137.98,2211.94,8304.06,1.01,41.66,129.74,2388.01,8069.36,9.3664,0.02,327,2212,100.0,10.42,6.4437
12,61,0.0023,0.0,100.0,518.67,641.98,1573.58,1394.56,14.62,21.57,551.92,2387.71,9033.32,1.3,47.15,519.47,2387.82,8122.88,8.4549,0.03,391,2388,100.0,38.95,23.2994
12,62,0.0008,0.0,100.0,518.67,642.12,1578.83,1388.48,14.62,21.57,550.78,2387.84,9035.72,1.3,47.25,519.39,2387.78,8122.73,8.3689,0.03,389,2388,100.0,38.75,23.3382
12,63,24.9999,0.62,60.0,462.54,536.58,1253.21,1033.46,7.05,9.0,174.65,1915.19,7995.84,0.93,36.34,163.72,2028.06,7868.21,10.8668,0.02,305,1915,84.93,14.21,8.4053
12,64,10.0026,0.2505,100.0,489.05,603.86,1492.12,1297.67,10.52,15.46,392.72,2318.61,8761.04,1.25,45.01,369.29,2387.79,8121.33,8.6173,0.03,367,2319,100.0,28.64,17.1724
12,65,19.9983,0.7,100.0,491.19,606.63,1471.57,1232.94,9.35,13.6,332.31,2323.65,8703.91,1.07,43.99,312.42,2387.8,8056.82,9.2272,0.02,364,2324,100.0,24.36,14.661
12,66,0.0016,0.0,100.0,518.67,642.0,1582.01,1396.81,14.62,21.57,551.46,2387.71,9036.2,1.3,47.14,519.5,2387.76,8118.89,8.4436,0.03,390,2388,100.0,38.75,23.3287
12,67,24.9985,0.6202,60.0,462.54,536.21,1247.22,1042.1,7.05,8.99,174.24,1915.21,7990.87,0.94,36.24,163.27,2028.07,7866.21,10.8754,0.02,306,1915,84.93,14.27,8.5754
12,68,20.008,0.7017,100.0,491.19,607.36,1476.53,1236.93,9.35,13.6,331.54,2323.66,8701.59,1.07,43.85,311.74,2387.71,8042.24,9.2359,0.02,361,2324,100.0,24.39,14.6811
12,69,10.0016,0.25,100.0,489.05,604.31,1486.56,1300.95,10.52,15.46,391.99,2318.6,8767.95,1.26,45.06,369.57,2387.84,8124.7,8.6195,0.03,367,2319,100.0,28.53,17.2141
12,70,41.9983,0.84,100.0,445.0,549.04,1350.26,1109.15,3.91,5.69,137.53,2211.83,8304.48,1.01,41.67,129.16,2387.98,8064.22,9.3571,0.02,328,2212,100.0,10.56,6.3861
12,71,20.0049,0.7,100.0,491.19,606.51,1468.19,1227.2,9.35,13.6,332.05,2323.69,8703.2,1.07,43.88,312.9,2387.71,8052.15,9.2264,0.02,362,2324,100.0,24.34,14.5685
12,72,35.0072,0.84,100.0,449.44,555.21,1353.06,1115.63,5.48,7.97,192.8,2222.72,8323.09,1.02,41.39,181.65,2387.76,8057.54,9.3397,0.02,333,2223,100.0,14.7,8.9129
12,73,34.9995,0.84,100.0,449.44,555.14,1357.27,1117.81,5.48,7.97,193.12,2222.72,8333.11,1.02,41.35,182.3,2387.73,8055.22,9.3081,0.02,331,2223,100.0,14.78,8.8149
12,74,41.9983,0.8406,100.0,445.0,549.17,1342.89,1108.48,3.91,5.69,137.31,2211.86,8299.61,1.01,41.57,128.65,2387.95,8068.68,9.4133,0.02,327,2212,100.0,10.48,6.3098
12,75,42.0053,0.84,100.0,445.0,548.86,1343.29,1102.59,3.91,5.69,136.92,2211.86,8301.87,1.01,41.68,129.9,2387.92,8071.56,9.3881,0.02,330,2212,100.0,10.79,6.3241
12,76,35.0046,0.8412,100.0,449.44,555.47,1353.08,1114.94,5.48,7.97,192.39,2222.73,8335.32,1.02,41.45,181.71,2387.87,8049.9,9.3222,0.02,331,2223,100.0,14.7,8.8456
12,77,0.001,0.0006,100.0,518.67,642.11,1582.33,1400.13,14.62,21.57,550.28,2387.61,9042.78,1.3,47.12,518.68,2387.63,8126.74,8.4294,0.03,391,2388,100.0,39.02,23.2876
12,78,20.0061,0.7,100.0,491.19,606.9,1475.88,1241.37,9.35,13.6,332.13,2323.68,8699.57,1.07,43.98,312.45,2387.74,8048.74,9.2123,0.02,362,2324,100.0,24.48,14.7028
12,79,42.0071,0.84,100.0,445.0,548.57,1349.15,1107.51,3.91,5.69,136.73,2211.88,8305.97,1.01,41.67,129.84,2387.98,8067.43,9.3818,0.02,328,2212,100.0,10.56,6.2493
12,80,19.9981,0.7,100.0,491.19,606.31,1481.63,1234.15,9.35,13.6,332.02,2323.6,8706.28,1.07,43.98,312.33,2387.8,8047.1,9.1742,0.02,362,2324,100.0,24.3,14.7172
12,81,10.0056,0.25,100.0,489.05,604.21,1488.99,1300.11,10.52,15.46,393.42,2318.59,8769.39,1.26,45.12,369.9,2387.84,8125.21,8.6077,0.03,366,2319,100.0,28.51,17.0866
12,82,20.0017,0.7003,100.0,491.19,606.57,1478.45,1236.1,9.35,13.6,332.38,2323.64,8702.36,1.07,43.88,312.47,2387.76,8043.06,9.2526,0.02,363,2324,100.0,24.4,14.7368
12,83,25.0067,0.6203,60.0,462.54,536.26,1250.38,1036.49,7.05,9.0,174.59,1915.2,7998.7,0.93,36.42,163.04,2028.07,7857.23,10.9067,0.02,304,1915,84.93,14.2,8.5903
12,84,41.9997,0.8412,100.0,445.0,548.92,1344.22,1114.91,3.91,5.69,137.6,2211.87,8308.75,1.01,41.71,129.71,2387.9,8069.49,9.3966,0.02,328,2212,100.0,10.59,6.4772
12,85,34.9987,0.8408,100.0,449.44,554.93,1361.43,1118.94,5.48,7.96,192.9,2222.67,8324.93,1.01,41.4,180.75,2387.79,8057.17,9.3182,0.02,332,2223,100.0,14.81,8.9434
12,86,42.0005,0.84,100.0,445.0,549.04,1334.19,1110.37,3.91,5.69,137.98,2211.87,8301.91,1.01,41.61,129.77,2387.94,8066.09,9.3337,0.02,329,2212,100.0,10.53,6.3199
12,87,25.0,0.62,60.0,462.54,536.85,1248.91,1037.16,7.05,9.0,174.02,1915.21,7992.71,0.94,36.32,163.47,2028.13,7866.75,10.8947,0.02,306,1915,84.93,14.38,8.6313
12,88,35.0021,0.8407,100.0,449.44,555.47,1357.71,1117.2,5.48,7.97,192.55,2222.71,8331.88,1.02,41.45,181.8,2387.87,8052.09,9.3011,0.02,333,2223,100.0,14.87,8.9279
12,89,19.999,0.7,100.0,491.19,606.84,1469.89,1229.88,9.35,13.6,331.95,2323.6,8704.36,1.07,43.9,312.57,2387.79,8042.3,9.2053,0.02,362,2324,100.0,24.57,14.6226
12,90,35.0012,0.84,100.0,449.44,555.0,1352.53,1118.19,5.48,7.97,193.63,2222.75,8336.58,1.02,41.57,181.42,2387.76,8056.09,9.318,0.02,331,2223,100.0,14.66,8.8925
12,91,0.0017,0.0012,100.0,518.67,641.37,1580.64,1397.58,14.62,21.57,551.29,2387.9,9043.08,1.3,47.08,519.58,2387.89,8122.96,8.4303,0.03,391,2388,100.0,38.81,23.301
12,92,35.0064,0.8403,100.0,449.44,554.88,1352.03,1113.64,5.48,7.97,193.09,2222.75,8334.13,1.01,41.46,181.51,2387.85,8056.26,9.2948,0.02,332,2223,100.0,14.82,8.845
12,93,42.0034,0.8407,100.0,445.0,548.83,1341.78,1110.74,3.91,5.69,138.19,2211.9,8307.23,1.01,41.7,129.03,2387.99,8073.69,9.3618,0.02,327,2212,100.0,10.5,6.1937
12,94,10.0016,0.2504,100.0,489.05,604.21,1489.88,1292.87,10.52,15.46,393.31,2318.63,8777.16,1.26,44.84,370.33,2387.85,8122.85,8.66,0.03,367,2319,100.0,28.63,17.1535
12,95,0.0016,0.0,100.0,518.67,641.67,1583.92,1391.78,14.62,21.57,550.25,2387.72,9041.26,1.3,47.05,519.08,2387.71,8125.37,8.3909,0.03,391,2388,100.0,38.98,23.2928
12,96,42.0011,0.84,100.0,445.0,549.04,1347.5,1107.97,3.91,5.69,137.98,2211.91,8305.81,1.01,41.54,129.43,2387.96,8075.38,9.3687,0.02,328,2212,100.0,10.57,6.3461
12,97,25.0054,0.62,60.0,462.54,536.61,1250.61,1038.98,7.05,9.0,174.58,1915.18,7993.39,0.93,36.23,162.79,2028.15,7865.66,10.8485,0.02,305,1915,84.93,14.31,8.5609
12,98,35.0021,0.84,100.0,449.44,555.21,1356.2,1103.2,5.48,7.96,192.56,2222.77,8332.55,1.02,41.41,181.42,2387.86,8056.09,9.3151,0.02,330,2223,100.0,14.82,8.8695
12,99,19.9985,0.7,100.0,491.19,606.98,1474.0,1244.84,9.35,13.6,332.78,2323.64,8710.42,1.07,43.99,312.63,2387.77,8052.88,9.1883,0.02,362,2324,100.0,24.56,14.7055
12,100,0.0016,0.0008,100.0,518.67,641.86,1583.33,1391.8,14.62,21.57,550.61,2387.42,9036.25,1.3,47.13,519.33,2387.49,8123.89,8.4202,0.03,388,2388,100.0,38.91,23.245
12,101,35.0039,0.84,100.0,449.44,554.6,1358.97,1112.35,5.48,7.97,193.03,2222.78,8330.46,1.01,41.43,181.25,2387.86,8055.18,9.2964,0.02,331,2223,100.0,14.88,8.8872
12,102,35.0024,0.84,100.0,449.44,554.75,1353.79,1119.26,5.48,7.97,193.31,2222.73,8332.57,1.02,41.45,181.87,2387.83,8054.32,9.3099,0.02,331,2223,100.0,14.78,8.8786
12,103,35.0062,0.8401,100.0,449.44,555.38,1353.5,1116.58,5.48,7.97,192.83,2222.8,8333.47,1.02,41.51,181.62,2387.82,8051.03,9.3181,0.02,331,2223,100.0,14.82,8.9215
12,104,24.9998,0.62,60.0,462.54,536.15,1252.8,1039.91,7.05,9.0,174.25,1915.19,7996.59,0.94,36.34,163.86,2028.09,7863.72,10.8721,0.02,305,1915,84.93,14.31,8.6069
12,105,35.0009,0.84,100.0,449.44,555.4,1356.57,1116.94,5.48,7.96,193.41,2222.76,8326.8,1.02,41.53,181.9,2387.82,8055.34,9.2887,0.02,332,2223,100.0,14.82,8.8361
12,106,20.0071,0.7,100.0,491.19,606.64,1477.12,1236.28,9.35,13.6,332.07,2323.6,8703.1,1.07,43.81,312.02,2387.8,8041.37,9.1535,0.02,362,2324,100.0,24.36,14.6691
12,107,20.0009,0.7,100.0,491.19,606.62,1477.38,1237.22,9.35,13.6,332.28,2323.64,8708.99,1.07,43.86,313.04,2387.72,8050.56,9.215,0.02,366,2324,100.0,24.54,14.6261
12,108,34.9998,0.84,100.0,449.44,554.85,1367.1,1113.15,5.48,7.97,193.31,2222.75,8329.34,1.02,41.36,181.79,2387.8,8058.2,9.3135,0.02,329,2223,100.0,14.88,9.0826
12,109,25.0051,0.62,60.0,462.54,536.73,1255.55,1032.73,7.05,9.0,174.85,1915.21,7991.54,0.94,36.24,163.63,2028.18,7867.06,10.8804,0.02,306,1915,84.93,14.24,8.584
12,110,10.0036,0.2516,100.0,489.05,603.91,1493.81,1297.36,10.52,15.46,393.01,2318.63,8761.7,1.25,45.04,370.37,2387.84,8121.21,8.6209,0.03,367,2319,100.0,28.65,17.1869
12,111,9.9983,0.25,100.0,489.05,603.89,1497.3,1293.65,10.52,15.46,393.65,2318.64,8760.49,1.26,45.08,370.51,2387.87,8123.67,8.5962,0.03,368,2319,100.0,28.65,17.2467
12,112,10.0037,0.2503,100.0,489.05,603.79,1502.28,1296.04,10.52,15.45,393.65,2318.6,8763.11,1.26,44.92,369.91,2387.85,8121.07,8.6191,0.03,367,2319,100.0,28.61,17.1075
12,113,42.0025,0.8411,100.0,445.0,549.48,1346.16,1111.77,3.91,5.69,137.54,2211.91,8301.83,1.01,41.48,129.12,2388.02,8068.8,9.3663,0.02,329,2212,100.0,10.48,6.3314
12,114,25.0066,0.6203,60.0,462.54,536.02,1253.14,1031.12,7.05,9.0,174.34,1915.2,7997.72,0.94,36.52,163.74,2028.12,7864.69,10.9042,0.02,305,1915,84.93,14.3,8.5849
12,115,35.0,0.8419,100.0,449.44,555.2,1354.8,1114.6,5.48,7.97,193.2,2222.76,8329.85,1.02,41.53,181.75,2387.83,8053.61,9.2723,0.02,332,2223,100.0,14.8,8.8764
12,116,41.9998,0.84,100.0,445.0,549.02,1342.08,1115.7,3.91,5.69,137.09,2211.9,8306.55,1.01,41.56,129.37,2388.0,8066.81,9.3627,0.02,330,2212,100.0,10.57,6.5032
12,117,41.9995,0.84,100.0,445.0,548.62,1341.89,1106.11,3.91,5.69,137.56,2211.9,8305.46,1.01,41.68,128.68,2388.03,8072.43,9.3485,0.02,329,2212,100.0,10.56,6.3635
12,118,42.0042,0.8402,100.0,445.0,549.38,1344.81,1107.2,3.91,5.69,137.15,2211.92,8305.98,1.01,41.59,129.76,2387.93,8071.26,9.3668,0.02,328,2212,100.0,10.53,6.3314
12,119,9.9998,0.2503,100.0,489.05,603.89,1499.95,1294.94,10.52,15.46,393.11,2318.71,8763.9,1.26,45.0,370.14,2387.84,8123.43,8.6162,0.03,367,2319,100.0,28.58,17.0602
12,120,19.9987,0.7,100.0,491.19,607.02,1479.3,1239.19,9.35,13.6,332.83,2323.65,8716.36,1.07,44.16,313.06,2387.84,8049.06,9.1919,0.02,362,2324,100.0,24.38,14.5931
12,121,35.0057,0.8411,100.0,449.44,554.77,1357.67,1116.15,5.48,7.96,192.79,2222.75,8333.08,1.01,41.55,181.81,2387.85,8053.15,9.3067,0.02,333,2223,100.0,14.99,8.8129
12,122,20.0033,0.7017,100.0,491.19,606.52,1479.97,1234.25,9.35,13.6,331.95,2323.68,8704.58,1.07,43.82,313.0,2387.78,8051.32,9.1786,0.02,362,2324,100.0,24.51,14.5478
12,123,35.0047,0.8417,100.0,449.44,555.03,1362.13,1120.12,5.48,7.97,193.33,2222.77,8336.33,1.02,41.54,182.23,2387.86,8057.95,9.3061,0.02,331,2223,100.0,14.9,8.9366
12,124,42.0056,0.8418,100.0,445.0,549.01,1341.77,1112.74,3.91,5.69,138.45,2211.92,8298.56,1.01,41.49,129.43,2387.97,8077.7,9.3533,0.02,327,2212,100.0,10.48,6.4087
12,125,35.0032,0.84,100.0,449.44,555.95,1360.35,1116.29,5.48,7.97,193.28,2222.73,8338.42,1.02,41.35,182.24,2387.85,8057.89,9.3203,0.02,331,2223,100.0,15.0,8.912
12,126,25.0015,0.62,60.0,462.54,536.62,1250.51,1037.21,7.05,9.0,175.05,1915.23,7995.88,0.93,36.35,163.82,2028.15,7866.34,10.8456,0.02,305,1915,84.93,14.22,8.6404
12,127,0.0023,0.0,100.0,518.67,641.63,1573.14,1396.35,14.62,21.57,552.33,2387.93,9040.72,1.3,46.76,520.08,2387.94,8131.48,8.3812,0.03,390,2388,100.0,38.75,23.3316
12,128,10.004,0.2511,100.0,489.05,604.49,1494.75,1292.61,10.52,15.45,392.82,2318.66,8768.48,1.26,44.89,370.26,2387.81,8121.33,8.5966,0.03,367,2319,100.0,28.71,17.1792
12,129,42.0019,0.84,100.0,445.0,548.77,1339.04,1113.33,3.91,5.69,137.44,2211.92,8304.23,1.01,41.78,129.39,2388.01,8073.57,9.3638,0.02,328,2212,100.0,10.7,6.4891
12,130,10.004,0.2509,100.0,489.05,604.22,1489.16,1294.57,10.52,15.45,393.27,2318.64,8761.61,1.26,45.09,370.23,2387.82,8123.92,8.5822,0.03,367,2319,100.0,28.5,17.063
12,131,35.0037,0.84,100.0,449.44,554.69,1364.09,1119.13,5.48,7.97,192.84,2222.81,8332.94,1.02,41.31,182.2,2387.8,8058.63,9.342,0.02,331,2223,100.0,14.81,8.8546
12,132,10.0002,0.25,100.0,489.05,604.28,1500.44,1293.76,10.52,15.46,392.89,2318.66,8767.15,1.26,45.02,370.99,2387.82,8122.26,8.5982,0.03,368,2319,100.0,28.67,17.1508
12,133,10.0013,0.2502,100.0,489.05,603.98,1492.55,1296.42,10.52,15.46,392.97,2318.65,8753.78,1.26,44.77,370.47,2387.85,8115.08,8.6086,0.03,368,2319,100.0,28.61,17.1424
12,134,25.0014,0.62,60.0,462.54,536.39,1254.43,1035.17,7.05,9.0,175.01,1915.23,8000.23,0.94,36.3,164.14,2028.14,7866.62,10.888,0.02,305,1915,84.93,14.27,8.4918
12,135,10.0068,0.2515,100.0,489.05,603.85,1492.84,1299.38,10.52,15.46,393.87,2318.68,8762.95,1.26,45.1,370.17,2387.83,8124.68,8.6278,0.03,367,2319,100.0,28.78,17.1265
12,136,10.0038,0.25,100.0,489.05,603.86,1499.5,1295.55,10.52,15.45,393.36,2318.66,8768.47,1.26,45.15,370.15,2387.85,8127.64,8.636,0.03,368,2319,100.0,28.63,17.15
12,137,0.0025,0.0006,100.0,518.67,642.23,1582.44,1394.73,14.62,21.57,550.55,2387.36,9029.2,1.3,47.18,519.05,2387.35,8124.21,8.4273,0.03,391,2388,100.0,38.59,23.1918
12,138,20.0055,0.7,100.0,491.19,606.58,1480.98,1234.58,9.35,13.59,331.89,2323.62,8707.55,1.07,43.84,312.49,2387.82,8054.3,9.1906,0.02,361,2324,100.0,24.39,14.6853
12,139,42.007,0.84,100.0,445.0,549.01,1347.37,1112.58,3.91,5.69,137.86,2211.92,8311.82,1.01,41.67,130.11,2388.0,8070.75,9.3967,0.02,330,2212,100.0,10.61,6.2509
12,140,42.006,0.8415,100.0,445.0,548.66,1350.35,1115.11,3.91,5.69,137.99,2211.91,8303.69,1.01,41.5,129.74,2388.04,8076.28,9.3713,0.02,327,2212,100.0,10.55,6.2492
12,141,25.0015,0.62,60.0,462.54,536.78,1245.43,1042.64,7.05,9.0,174.39,1915.29,8001.37,0.94,36.05,163.93,2028.15,7869.76,10.8923,0.02,305,1915,84.93,14.25,8.5453
12,142,42.002,0.841,100.0,445.0,549.5,1347.31,1112.64,3.91,5.69,138.02,2211.87,8307.33,1.01,41.61,129.58,2388.08,8077.44,9.304,0.02,328,2212,100.0,10.55,6.2715
12,143,20.0015,0.7018,100.0,491.19,606.95,1477.21,1241.21,9.35,13.6,332.65,2323.71,8709.89,1.07,43.8,313.25,2387.83,8055.7,9.2152,0.02,364,2324,100.0,24.39,14.6661
12,144,0.0006,0.0012,100.0,518.67,641.71,1573.4,1397.64,14.62,21.57,552.14,2387.94,9045.37,1.3,47.01,520.61,2387.94,8126.16,8.3675,0.03,391,2388,100.0,39.06,23.311
12,145,25.0035,0.62,60.0,462.54,536.36,1250.67,1040.92,7.05,9.0,175.17,1915.22,7993.35,0.93,36.32,163.99,2028.11,7869.57,10.8554,0.02,304,1915,84.93,14.43,8.5227
12,146,35.0032,0.84,100.0,449.44,554.82,1363.39,1110.9,5.48,7.96,192.94,2222.74,8336.41,1.02,41.49,181.67,2387.9,8059.61,9.2893,0.02,331,2223,100.0,14.67,8.7695
12,147,10.0063,0.2505,100.0,489.05,604.39,1498.91,1299.7,10.52,15.45,393.0,2318.69,8771.41,1.26,44.95,369.91,2387.82,8117.32,8.6004,0.03,367,2319,100.0,28.75,17.2075
12,148,25.0057,0.6202,60.0,462.54,536.48,1254.3,1028.55,7.05,9.0,174.51,1915.23,8004.69,0.94,36.21,163.76,2028.13,7869.72,10.8917,0.02,306,1915,84.93,14.25,8.5604
12,149,10.0073,0.2504,100.0,489.05,603.35,1491.75,1296.24,10.52,15.46,393.72,2318.68,8773.23,1.25,45.06,370.58,2387.84,8118.3,8.6173,0.03,367,2319,100.0,28.61,17.2155
12,150,10.0025,0.2519,100.0,489.05,603.87,1496.85,1293.21,10.52,15.45,393.17,2318.71,8763.7,1.26,44.82,370.79,2387.87,8125.43,8.6368,0.03,368,2319,100.0,28.57,17.1828
12,151,41.9984,0.8411,100.0,445.0,548.91,1341.51,1114.07,3.91,5.69,137.76,2211.94,8312.21,1.01,41.6,129.98,2387.97,8074.95,9.3449,0.02,330,2212,100.0,10.5,6.3539
12,152,24.9987,0.62,60.0,462.54,536.47,1246.68,1040.32,7.05,9.0,174.57,1915.25,8000.22,0.94,36.43,163.95,2028.14,7869.26,10.8855,0.02,306,1915,84.93,14.25,8.4642
12,153,0.0017,0.001,100.0,518.67,642.31,1587.72,1389.29,14.62,21.57,552.65,2387.92,9059.71,1.3,47.1,520.63,2387.91,8132.24,8.3679,0.03,392,2388,100.0,39.0,23.4714
12,154,25.0037,0.62,60.0,462.54,536.19,1250.3,1040.18,7.05,9.0,175.02,1915.29,7997.24,0.94,36.43,163.7,2028.18,7870.18,10.8349,0.02,306,1915,84.93,14.38,8.6059
12,155,19.9999,0.702,100.0,491.19,607.21,1480.23,1244.58,9.35,13.59,332.57,2323.69,8711.6,1.07,44.07,313.12,2387.81,8050.35,9.1874,0.02,362,2324,100.0,24.3,14.6751
12,156,42.005,0.84,100.0,445.0,548.94,1345.19,1112.92,3.91,5.69,137.6,2211.98,8307.75,1.01,41.71,129.69,2388.07,8078.12,9.3523,0.02,329,2212,100.0,10.71,6.3559
12,157,42.0001,0.8407,100.0,445.0,549.66,1349.75,1118.01,3.91,5.69,138.08,2211.96,8311.47,1.02,41.44,129.47,2388.04,8069.05,9.3607,0.02,327,2212,100.0,10.55,6.2938
12,158,42.007,0.841,100.0,445.0,549.27,1348.25,1115.14,3.91,5.69,137.46,2211.94,8304.51,1.01,41.64,129.85,2388.04,8077.4,9.3752,0.02,328,2212,100.0,10.53,6.3851
12,159,10.0036,0.25,100.0,489.05,604.23,1493.29,1297.96,10.52,15.45,394.06,2318.71,8773.48,1.26,45.03,370.33,2387.83,8133.15,8.6319,0.03,368,2319,100.0,28.72,17.1445
12,160,0.0013,0.0006,100.0,518.67,641.51,1578.2,1396.76,14.62,21.57,552.64,2387.93,9044.63,1.3,47.15,521.48,2387.95,8135.88,8.4088,0.03,391,2388,100.0,39.01,23.429
12,161,41.9995,0.8403,100.0,445.0,549.22,1349.16,1113.01,3.91,5.69,137.87,2211.92,8311.17,1.02,41.78,130.08,2388.03,8075.23,9.3534,0.02,329,2212,100.0,10.54,6.4317
12,162,41.9991,0.8403,100.0,445.0,549.02,1347.25,1116.15,3.91,5.69,138.77,2211.96,8315.47,1.02,41.72,129.94,2388.03,8074.65,9.3809,0.02,329,2212,100.0,10.5,6.378
12,163,35.0041,0.84,100.0,449.44,555.16,1351.01,1120.02,5.48,7.97,194.44,2222.84,8333.31,1.02,41.37,182.17,2387.9,8068.64,9.2765,0.02,333,2223,100.0,14.99,8.86
12,164,42.0005,0.8412,100.0,445.0,548.66,1342.05,1114.33,3.91,5.69,137.8,2211.96,8302.21,1.01,41.59,130.14,2388.03,8075.29,9.3564,0.02,328,2212,100.0,10.42,6.3908
12,165,35.0048,0.84,100.0,449.44,555.03,1357.29,1112.53,5.48,7.97,194.21,2222.84,8339.15,1.02,41.58,182.5,2387.93,8064.31,9.3082,0.02,331,2223,100.0,14.86,8.8099
12,166,20.0047,0.7019,100.0,491.19,607.3,1483.57,1244.34,9.35,13.59,332.04,2323.69,8715.95,1.07,44.01,312.92,2387.85,8047.43,9.2306,0.02,364,2324,100.0,24.5,14.659
12,167,34.9984,0.8414,100.0,449.44,555.36,1361.24,1115.93,5.48,7.97,193.35,2222.81,8341.89,1.02,41.56,181.86,2387.89,8061.67,9.2998,0.02,332,2223,100.0,14.98,8.8505
12,168,25.0032,0.6215,60.0,462.54,536.45,1249.86,1043.26,7.05,9.0,174.57,1915.28,7997.38,0.94,36.43,163.69,2028.2,7866.43,10.852,0.02,304,1915,84.93,14.19,8.6278
12,169,19.9991,0.7016,100.0,491.19,606.79,1483.34,1243.99,9.35,13.6,333.24,2323.77,8713.1,1.07,44.25,314.02,2387.85,8055.51,9.1955,0.02,362,2324,100.0,24.54,14.6683
12,170,0.0024,0.0,100.0,518.67,642.14,1581.4,1390.57,14.62,21.57,553.45,2387.99,9053.42,1.3,47.06,520.88,2387.95,8134.44,8.419,0.03,391,2388,100.0,39.06,23.2466
12,171,20.0059,0.7009,100.0,491.19,606.14,1474.16,1237.7,9.35,13.6,332.56,2323.76,8710.89,1.07,43.95,313.49,2387.89,8055.28,9.1953,0.02,363,2324,100.0,24.49,14.6127
12,172,10.0062,0.2516,100.0,489.05,604.42,1491.62,1293.58,10.52,15.45,394.16,2318.64,8770.12,1.26,45.04,371.31,2387.93,8124.13,8.6204,0.03,370,2319,100.0,28.72,17.2079
12,173,42.0072,0.8413,100.0,445.0,549.36,1343.44,1112.38,3.91,5.69,138.32,2211.94,8307.52,1.02,41.68,129.73,2388.04,8079.84,9.3393,0.02,329,2212,100.0,10.43,6.361
12,174,20.0002,0.7016,100.0,491.19,606.75,1472.04,1240.58,9.35,13.59,333.25,2323.74,8712.24,1.07,43.93,313.0,2387.83,8057.23,9.1654,0.02,363,2324,100.0,24.28,14.6752
12,175,34.9986,0.8416,100.0,449.44,554.78,1361.34,1104.85,5.48,7.96,193.81,2222.89,8338.7,1.02,41.44,181.94,2387.92,8066.39,9.2639,0.02,332,2223,100.0,14.82,8.9105
12,176,20.0074,0.7,100.0,491.19,606.92,1482.99,1243.65,9.35,13.6,333.12,2323.77,8713.6,1.07,44.11,314.0,2387.87,8057.7,9.1887,0.02,362,2324,100.0,24.46,14.6746
12,177,0.0005,0.0,100.0,518.67,642.11,1582.97,1396.8,14.62,21.57,553.8,2387.9,9052.96,1.3,46.96,521.72,2387.94,8138.04,8.3713,0.03,391,2388,100.0,39.01,23.2694
12,178,41.9985,0.84,100.0,445.0,548.94,1346.75,1111.24,3.91,5.69,138.21,2212.0,8313.73,1.02,41.76,129.87,2388.04,8079.87,9.3611,0.02,329,2212,100.0,10.53,6.3385
12,179,42.0028,0.8417,100.0,445.0,549.34,1346.1,1111.82,3.91,5.69,137.95,2212.0,8314.17,1.02,41.8,129.44,2388.1,8077.25,9.3606,0.02,330,2212,100.0,10.79,6.435
12,180,10.0033,0.25,100.0,489.05,604.33,1490.56,1295.23,10.52,15.46,393.71,2318.75,8777.42,1.26,45.1,371.56,2387.89,8130.89,8.6168,0.03,368,2319,100.0,28.53,17.1803
12,181,42.001,0.84,100.0,445.0,549.07,1347.2,1117.59,3.91,5.69,138.1,2211.98,8318.29,1.02,41.84,129.34,2388.07,8084.4,9.3042,0.02,329,2212,100.0,10.56,6.3686
12,182,42.0004,0.8417,100.0,445.0,549.23,1342.62,1114.62,3.91,5.69,137.91,2211.96,8311.33,1.02,41.72,130.2,2388.06,8083.67,9.3265,0.02,329,2212,100.0,10.48,6.3383
12,183,20.0,0.7008,100.0,491.19,606.89,1480.76,1240.77,9.35,13.59,333.37,2323.73,8709.79,1.07,44.02,313.48,2387.82,8058.52,9.1932,0.02,363,2324,100.0,24.4,14.689
12,184,25.0033,0.6207,60.0,462.54,536.53,1250.6,1033.28,7.05,8.99,175.05,1915.27,8000.29,0.94,36.35,163.82,2028.22,7870.79,10.8387,0.02,305,1915,84.93,14.31,8.645
12,185,42.0055,0.84,100.0,445.0,549.05,1345.3,1116.57,3.91,5.69,137.56,2211.97,8316.89,1.02,41.75,129.99,2388.1,8076.33,9.3429,0.02,329,2212,100.0,10.8,6.4261
12,186,41.9983,0.8412,100.0,445.0,548.82,1345.88,1114.49,3.91,5.69,138.53,2211.99,8310.08,1.02,41.67,130.64,2388.04,8079.79,9.3033,0.02,328,2212,100.0,10.71,6.3973
12,187,19.9992,0.7,100.0,491.19,607.23,1474.16,1238.42,9.35,13.58,333.26,2323.73,8717.04,1.07,44.09,313.54,2387.83,8053.39,9.1325,0.02,363,2324,100.0,24.35,14.6075
12,188,0.0014,0.0,100.0,518.67,642.33,1595.16,1394.48,14.62,21.56,555.24,2387.94,9058.8,1.3,47.2,521.21,2388.0,8138.93,8.4087,0.03,390,2388,100.0,38.98,23.2642
12,189,19.9991,0.7006,100.0,491.19,607.31,1478.67,1245.1,9.35,13.59,333.87,2323.74,8720.05,1.07,44.31,313.7,2387.9,8052.7,9.1686,0.02,363,2324,100.0,24.59,14.6879
12,190,0.0019,0.0,100.0,518.67,642.39,1584.88,1400.72,14.62,21.57,553.88,2387.98,9056.05,1.3,47.19,521.87,2387.98,8141.97,8.379,0.03,392,2388,100.0,39.09,23.4183
12,191,42.0054,0.8414,100.0,445.0,548.81,1345.93,1114.35,3.91,5.69,138.3,2212.1,8316.77,1.02,41.65,130.22,2388.06,8084.73,9.3051,0.02,328,2212,100.0,10.69,6.3805
12,192,42.0001,0.84,100.0,445.0,548.74,1348.65,1118.41,3.91,5.69,139.0,2211.97,8319.63,1.02,41.79,130.41,2388.08,8087.01,9.35,0.02,330,2212,100.0,10.65,6.3199
12,193,42.0009,0.84,100.0,445.0,549.15,1342.05,1119.58,3.91,5.69,138.52,2211.98,8317.5,1.02,41.67,130.45,2388.09,8087.94,9.3431,0.02,329,2212,100.0,10.62,6.3228
12,194,42.0048,0.8415,100.0,445.0,549.41,1344.85,1110.07,3.91,5.69,137.88,2211.98,8316.04,1.02,41.61,130.32,2388.1,8087.23,9.2907,0.02,328,2212,100.0,10.73,6.4201
12,195,25.0044,0.62,60.0,462.54,536.24,1260.09,1038.74,7.05,9.0,175.29,1915.31,8002.33,0.94,36.49,163.97,2028.19,7868.78,10.8652,0.02,305,1915,84.93,14.35,8.6022
12,196,9.9988,0.2508,100.0,489.05,604.5,1501.21,1294.65,10.52,15.45,394.78,2318.77,8778.88,1.26,45.35,371.65,2387.97,8137.78,8.5866,0.03,369,2319,100.0,28.74,17.2904
12,197,41.9991,0.84,100.0,445.0,548.64,1356.76,1122.99,3.91,5.69,138.53,2212.0,8319.73,1.02,41.62,130.21,2388.11,8086.51,9.3337,0.02,329,2212,100.0,10.54,6.5414
12,198,10.0036,0.2514,100.0,489.05,603.93,1493.75,1301.64,10.52,15.46,394.8,2318.83,8776.05,1.26,45.09,372.58,2388.05,8128.09,8.5521,0.03,368,2319,100.0,28.75,17.1196
12,199,0.0011,0.0003,100.0,518.67,642.53,1576.38,1405.6,14.62,21.57,554.56,2388.01,9054.42,1.3,47.2,522.84,2388.0,8139.95,8.4529,0.03,392,2388,100.0,38.91,23.4013
12,200,34.9996,0.84,100.0,449.44,555.18,1357.84,1125.62,5.48,7.97,193.8,2223.0,8348.69,1.02,41.65,182.97,2388.05,8074.12,9.2638,0.02,333,2223,100.0,14.99,8.7925
12,201,42.0075,0.842,100.0,445.0,549.39,1341.45,1115.69,3.91,5.69,138.61,2212.08,8323.21,1.02,41.92,129.88,2388.13,8082.16,9.3015,0.02,331,2212,100.0,10.57,6.4759
12,202,9.9998,0.2516,100.0,489.05,604.4,1497.97,1299.3,10.52,15.45,395.09,2318.82,8782.29,1.26,45.08,372.55,2387.97,8135.14,8.599,0.03,368,2319,100.0,28.85,17.2091
12,203,42.0038,0.84,100.0,445.0,549.21,1345.98,1111.99,3.91,5.69,137.68,2212.11,8315.86,1.02,41.83,130.63,2388.13,8085.0,9.313,0.02,328,2212,100.0,10.56,6.408
12,204,42.0024,0.84,100.0,445.0,549.82,1345.93,1118.95,3.91,5.69,138.3,2212.1,8321.63,1.02,41.9,130.47,2388.14,8085.7,9.3043,0.02,328,2212,100.0,10.49,6.4435
12,205,10.0062,0.25,100.0,489.05,604.18,1494.7,1301.99,10.52,15.45,395.22,2318.78,8784.66,1.26,45.06,372.19,2388.04,8131.29,8.578,0.03,370,2319,100.0,28.68,17.2161
12,206,34.999,0.84,100.0,449.44,555.57,1361.2,1123.6,5.48,7.96,194.2,2222.95,8353.52,1.02,41.63,182.64,2388.09,8069.37,9.2717,0.02,333,2223,100.0,14.8,8.9572
12,207,25.0034,0.62,60.0,462.54,536.55,1259.35,1048.76,7.05,9.0,175.66,1915.37,8010.02,0.94,36.36,164.21,2028.34,7874.53,10.8109,0.02,305,1915,84.93,14.39,8.6567
12,208,0.0003,0.0,100.0,518.67,641.96,1586.06,1399.84,14.62,21.57,556.64,2388.1,9068.21,1.3,47.3,523.86,2388.04,8145.05,8.3437,0.03,392,2388,100.0,39.3,23.4345
12,209,0.0021,0.0017,100.0,518.67,642.42,1581.29,1398.23,14.62,21.57,557.12,2387.96,9066.36,1.3,47.24,523.45,2388.01,8138.49,8.3565,0.03,392,2388,100.0,39.0,23.4206
12,210,0.0004,0.0,100.0,518.67,642.38,1579.55,1401.31,14.62,21.57,556.55,2388.08,9058.39,1.3,47.23,524.25,2387.99,8139.26,8.3544,0.03,393,2388,100.0,39.21,23.3991
12,211,20.0049,0.7,100.0,491.19,607.63,1483.7,1249.3,9.35,13.59,335.21,2323.84,8723.33,1.08,44.33,314.87,2388.02,8063.45,9.1456,0.02,363,2324,100.0,24.56,14.6912
12,212,42.0031,0.8406,100.0,445.0,549.42,1351.64,1117.86,3.91,5.69,138.76,2212.09,8318.08,1.02,41.91,130.19,2388.13,8090.51,9.3165,0.02,329,2212,100.0,10.6,6.3514
12,213,34.9999,0.8417,100.0,449.44,554.98,1354.43,1126.37,5.48,7.96,194.54,2223.05,8350.34,1.02,41.67,183.21,2388.14,8076.37,9.2603,0.02,334,2223,100.0,14.68,9.0201
12,214,20.0021,0.7,100.0,491.19,606.71,1484.98,1246.47,9.35,13.59,334.36,2323.91,8725.01,1.07,44.17,314.77,2388.01,8063.79,9.1308,0.02,362,2324,100.0,24.5,14.7022
12,215,42.0047,0.84,100.0,445.0,549.33,1342.65,1116.69,3.91,5.69,139.07,2212.1,8325.61,1.02,41.77,130.38,2388.13,8086.17,9.3087,0.02,329,2212,100.0,10.62,6.4407
12,216,20.0061,0.7019,100.0,491.19,606.7,1483.03,1246.46,9.35,13.59,334.52,2323.88,8729.63,1.08,44.23,315.6,2388.03,8065.69,9.1481,0.02,364,2324,100.0,24.19,14.6531
12,217,34.9984,0.8402,100.0,449.44,555.12,1365.02,1131.69,5.48,7.96,195.18,2222.97,8353.27,1.02,41.72,183.31,2388.1,8068.52,9.198,0.02,332,2223,100.0,14.77,8.979
12,218,0.0017,0.0,100.0,518.67,641.82,1587.08,1402.14,14.62,21.56,556.58,2388.04,9064.78,1.3,47.47,524.81,2388.1,8149.36,8.353,0.03,393,2388,100.0,39.13,23.5236
12,219,42.0009,0.8413,100.0,445.0,549.63,1344.47,1112.88,3.91,5.69,138.19,2212.1,8326.57,1.02,41.94,130.94,2388.18,8090.19,9.2716,0.02,330,2212,100.0,10.65,6.2872
12,220,10.004,0.25,100.0,489.05,604.4,1496.71,1304.86,10.52,15.46,396.72,2318.89,8795.1,1.26,45.16,373.26,2388.14,8135.56,8.5227,0.03,369,2319,100.0,28.82,17.1944
12,221,25.0023,0.6219,60.0,462.54,537.32,1257.6,1047.97,7.05,9.0,176.14,1915.44,8012.76,0.94,36.44,164.45,2028.33,7881.38,10.8093,0.02,306,1915,84.93,14.33,8.6173
12,222,42.0077,0.8415,100.0,445.0,549.69,1351.38,1124.23,3.91,5.69,139.47,2212.07,8325.14,1.02,42.02,130.91,2388.19,8093.94,9.2509,0.02,330,2212,100.0,10.83,6.3795
12,223,25.0033,0.621,60.0,462.54,536.83,1258.43,1053.04,7.05,9.0,176.36,1915.52,8016.99,0.94,36.57,165.35,2028.33,7883.13,10.7926,0.02,306,1915,84.93,14.31,8.5978
12,224,0.0012,0.0,100.0,518.67,642.02,1586.62,1403.92,14.62,21.57,556.73,2388.05,9063.87,1.3,47.32,525.33,2388.07,8150.43,8.3197,0.03,392,2388,100.0,39.16,23.5158
12,225,0.0022,0.0014,100.0,518.67,642.0,1580.42,1409.49,14.62,21.57,557.36,2388.08,9070.64,1.3,47.41,524.99,2388.05,8154.72,8.3639,0.03,392,2388,100.0,38.97,23.52
12,226,0.0018,0.0018,100.0,518.67,642.26,1589.36,1400.36,14.62,21.57,557.45,2388.12,9076.53,1.3,47.27,525.36,2388.17,8150.98,8.3175,0.03,394,2388,100.0,39.19,23.6102
12,227,42.0038,0.84,100.0,445.0,549.02,1348.6,1125.54,3.91,5.68,139.29,2212.14,8327.3,1.02,42.09,131.52,2388.22,8100.3,9.2621,0.02,329,2212,100.0,10.58,6.4202
12,228,35.0051,0.84,100.0,449.44,555.49,1362.79,1127.52,5.48,7.96,195.71,2223.05,8359.64,1.03,41.73,183.88,2388.2,8084.49,9.2234,0.02,334,2223,100.0,14.81,9.007
12,229,0.0019,0.0,100.0,518.67,642.57,1587.35,1409.55,14.62,21.57,557.21,2388.16,9071.52,1.3,47.27,525.57,2388.08,8144.98,8.3324,0.03,391,2388,100.0,39.09,23.4867
12,230,10.0016,0.25,100.0,489.05,604.39,1497.15,1304.68,10.52,15.45,397.1,2318.97,8791.75,1.26,45.59,374.13,2388.13,8142.48,8.5553,0.03,369,2319,100.0,28.67,17.2575
12,231,35.0002,0.84,100.0,449.44,555.78,1365.16,1127.79,5.48,7.96,195.77,2223.14,8359.5,1.03,41.88,183.73,2388.23,8080.4,9.2093,0.02,333,2223,100.0,15.04,8.9657
12,232,41.9982,0.8408,100.0,445.0,549.73,1353.1,1128.88,3.91,5.69,139.16,2212.2,8331.35,1.02,42.12,131.49,2388.25,8099.46,9.3172,0.02,330,2212,100.0,10.63,6.4266
12,233,25.0034,0.62,60.0,462.54,537.13,1261.85,1040.32,7.05,9.0,176.58,1915.53,8021.23,0.94,36.59,165.17,2028.43,7878.98,10.766,0.02,308,1915,84.93,14.4,8.6706
12,234,20.0035,0.7,100.0,491.19,607.64,1483.94,1255.18,9.35,13.59,336.41,2324.08,8738.16,1.08,44.37,316.52,2388.18,8074.18,9.1204,0.02,365,2324,100.0,24.65,14.7862
12,235,42.002,0.8417,100.0,445.0,549.77,1351.73,1120.14,3.91,5.69,139.19,2212.16,8331.53,1.03,42.18,130.99,2388.25,8100.21,9.2518,0.02,332,2212,100.0,10.76,6.3558
12,236,9.9991,0.2514,100.0,489.05,605.0,1497.89,1309.58,10.52,15.45,397.6,2319.0,8787.59,1.26,45.62,374.58,2388.18,8145.77,8.5586,0.03,369,2319,100.0,29.02,17.1439
12,237,35.0044,0.84,100.0,449.44,555.09,1364.82,1122.46,5.48,7.96,195.83,2223.21,8367.6,1.03,41.89,183.84,2388.26,8085.12,9.2458,0.02,334,2223,100.0,14.9,8.9786
12,238,25.0035,0.6212,60.0,462.54,536.42,1257.88,1048.18,7.05,8.99,176.52,1915.55,8025.5,0.94,36.67,165.38,2028.45,7885.26,10.7994,0.02,306,1915,84.93,14.38,8.6801
12,239,34.9999,0.8411,100.0,449.44,555.31,1363.98,1127.05,5.48,7.96,195.57,2223.21,8362.96,1.03,41.7,184.43,2388.31,8092.75,9.2293,0.02,335,2223,100.0,15.04,9.0577
12,240,42.0058,0.84,100.0,445.0,549.33,1348.74,1122.57,3.91,5.69,139.68,2212.22,8343.14,1.03,42.2,131.46,2388.33,8107.45,9.2528,0.02,331,2212,100.0,10.6,6.3869
12,241,35.0049,0.8419,100.0,449.44,555.49,1361.95,1127.52,5.48,7.97,196.5,2223.25,8378.84,1.03,41.98,184.62,2388.38,8090.08,9.2165,0.02,333,2223,100.0,14.95,8.95
12,242,9.9999,0.25,100.0,489.05,605.02,1508.75,1317.31,10.52,15.45,398.43,2319.07,8799.48,1.26,45.62,375.18,2388.27,8148.58,8.5173,0.03,371,2319,100.0,28.92,17.1941
12,243,20.0051,0.7,100.0,491.19,607.17,1482.41,1253.5,9.35,13.59,336.67,2324.18,8741.46,1.08,44.32,317.33,2388.29,8078.15,9.0959,0.02,364,2324,100.0,24.76,14.7667
12,244,42.0014,0.8401,100.0,445.0,549.48,1355.7,1121.56,3.91,5.69,140.36,2212.21,8347.69,1.03,42.17,131.67,2388.34,8102.74,9.2299,0.02,331,2212,100.0,10.84,6.3488
12,245,35.0045,0.8415,100.0,449.44,555.56,1360.62,1140.12,5.48,7.96,195.97,2223.29,8371.19,1.03,41.98,185.26,2388.4,8086.87,9.1498,0.02,334,2223,100.0,14.87,8.9042
12,246,42.0045,0.8415,100.0,445.0,549.42,1359.36,1123.16,3.91,5.69,139.87,2212.25,8348.69,1.03,42.11,132.45,2388.34,8111.74,9.1954,0.02,331,2212,100.0,10.87,6.3837
12,247,35.0044,0.841,100.0,449.44,555.89,1368.52,1134.29,5.48,7.96,196.66,2223.31,8376.43,1.03,41.82,185.12,2388.44,8090.37,9.1579,0.02,334,2223,100.0,14.88,8.9099
12,248,35.0011,0.84,100.0,449.44,555.48,1369.68,1132.63,5.48,7.96,196.31,2223.33,8376.87,1.03,42.0,185.18,2388.42,8089.17,9.1886,0.02,333,2223,100.0,14.99,8.9699
12,249,25.0077,0.6209,60.0,462.54,536.91,1257.34,1053.88,7.05,8.99,177.32,1915.62,8022.75,0.94,36.73,166.39,2028.51,7889.25,10.7322,0.02,307,1915,84.93,14.63,8.5853
12,250,42.0078,0.8409,100.0,445.0,549.72,1360.74,1130.22,3.91,5.69,139.48,2212.27,8345.61,1.03,42.3,132.18,2388.4,8111.76,9.1965,0.02,332,2212,100.0,10.6,6.3893
12,251,0.0023,0.0,100.0,518.67,643.0,1586.5,1412.41,14.62,21.57,561.34,2388.26,9088.74,1.31,47.57,529.45,2388.32,8166.28,8.3005,0.03,392,2388,100.0,39.38,23.6671
12,252,0.002,0.0017,100.0,518.67,642.85,1595.78,1410.08,14.62,21.57,562.77,2388.24,9097.79,1.31,47.74,529.38,2388.22,8169.2,8.279,0.03,393,2388,100.0,39.22,23.6432
12,253,0.0007,0.0005,100.0,518.67,643.11,1595.46,1404.04,14.62,21.57,561.88,2388.32,9096.85,1.31,47.76,529.56,2388.35,8168.94,8.2898,0.03,394,2388,100.0,39.51,23.6334
12,254,20.0016,0.701,100.0,491.19,607.17,1493.48,1250.74,9.35,13.59,339.82,2324.35,8758.37,1.08,44.71,318.94,2388.45,8086.23,9.1,0.02,367,2324,100.0,24.85,14.9351
12,255,25.0008,0.6207,60.0,462.54,536.92,1266.32,1046.39,7.05,8.99,177.18,1915.62,8024.81,0.94,36.96,166.26,2028.59,7889.95,10.7519,0.02,308,1915,84.93,14.34,8.6803
12,256,42.0043,0.8415,100.0,445.0,549.65,1353.17,1136.71,3.91,5.69,141.39,2212.34,8361.16,1.04,42.25,132.5,2388.5,8120.06,9.187,0.02,332,2212,100.0,10.76,6.3712
12,257,0.0024,0.0,100.0,518.67,642.67,1595.75,1407.54,14.62,21.57,563.11,2388.3,9099.79,1.31,47.75,530.49,2388.3,8173.73,8.2831,0.03,394,2388,100.0,39.5,23.6863
12,258,25.0051,0.62,60.0,462.54,536.82,1259.5,1056.34,7.05,8.99,177.98,1915.64,8025.65,0.94,36.94,167.22,2028.56,7900.83,10.7323,0.02,308,1915,84.93,14.49,8.6651
12,259,0.0013,0.0,100.0,518.67,642.7,1596.47,1416.24,14.62,21.57,563.71,2388.4,9103.62,1.31,47.82,531.33,2388.37,8174.09,8.2834,0.03,395,2388,100.0,39.3,23.6904
12,260,10.006,0.25,100.0,489.05,604.57,1499.7,1315.7,10.52,15.46,401.57,2319.35,8820.59,1.27,45.75,377.75,2388.53,8164.36,8.524,0.03,372,2319,100.0,28.93,17.4089
12,261,35.0022,0.8412,100.0,449.44,555.99,1366.84,1135.72,5.48,7.97,197.8,2223.5,8389.53,1.04,42.33,186.29,2388.62,8107.34,9.1457,0.02,337,2223,100.0,15.18,8.9517
12,262,10.0052,0.25,100.0,489.05,605.6,1508.95,1317.4,10.52,15.46,401.32,2319.3,8818.91,1.27,45.69,378.04,2388.59,8168.88,8.5002,0.03,371,2319,100.0,28.92,17.4657
12,263,0.0023,0.0,100.0,518.67,643.09,1594.91,1413.96,14.62,21.57,563.91,2388.37,9101.51,1.31,47.94,531.48,2388.33,8174.23,8.2701,0.03,395,2388,100.0,39.57,23.6214
12,264,20.0048,0.7008,100.0,491.19,607.24,1492.23,1261.82,9.35,13.59,339.81,2324.45,8753.83,1.09,44.7,320.28,2388.57,8095.98,9.0569,0.03,366,2324,100.0,24.67,14.7613
12,265,35.0074,0.8402,100.0,449.44,556.12,1371.38,1140.84,5.48,7.97,198.35,2223.58,8392.7,1.04,42.31,186.8,2388.7,8111.31,9.126,0.02,337,2223,100.0,15.0,9.0888
12,266,42.0079,0.84,100.0,445.0,549.61,1357.16,1133.25,3.91,5.69,142.18,2212.43,8367.36,1.04,42.41,133.49,2388.61,8130.66,9.1343,0.02,333,2212,100.0,10.88,6.5459
12,267,42.0035,0.84,100.0,445.0,549.34,1362.91,1141.55,3.91,5.69,141.35,2212.43,8362.64,1.04,42.47,133.12,2388.6,8134.42,9.1526,0.02,332,2212,100.0,10.77,6.4452
12,268,41.9996,0.8407,100.0,445.0,550.07,1364.22,1145.28,3.91,5.69,141.57,2212.43,8372.5,1.04,42.51,133.81,2388.56,8127.86,9.1413,0.02,333,2212,100.0,10.69,6.5603
12,269,35.0069,0.84,100.0,449.44,555.46,1375.59,1140.7,5.48,7.97,198.89,2223.66,8396.42,1.04,42.33,187.69,2388.74,8110.68,9.1128,0.02,336,2223,100.0,15.07,9.0288
12,270,42.0023,0.84,100.0,445.0,549.96,1366.18,1140.42,3.91,5.69,141.86,2212.46,8376.64,1.04,42.53,133.1,2388.63,8137.35,9.1308,0.02,333,2212,100.0,10.67,6.4124
