Feature,Importance
time_in_cycles,16.66355386528301
sensor_13,8.669868398480036
sensor_13_lag_1,5.920971851276328
sensor_13_lag_3,5.592520613870533
sensor_13_lag_2,5.462192497200394
sensor_11,4.6965557774337
sensor_15_lag_1,4.581562841068344
sensor_15,4.515063753904718
sensor_11_lag_3,3.85926178173204
sensor_6,3.3414999884426133
sensor_11_lag_2,3.028130775337476
sensor_15_lag_2,3.0233503431648505
sensor_15_lag_3,2.854029749746239
sensor_11_lag_1,2.5010192506103555
sensor_4_lag_1,2.479508454084865
sensor_4,2.312746600687996
sensor_6_lag_3,2.116019643203143
sensor_4_lag_2,1.7272851275494279
sensor_6_lag_2,1.4662538276741308
sensor_4_lag_3,1.336894067691319
sensor_14,1.071232780372134
sensor_6_lag_1,0.9448517778295783
sensor_14_lag_1,0.6164099216693072
sensor_2_lag_3,0.5962216508802183
sensor_13_roll_std_5,0.5577458618357548
sensor_14_lag_2,0.4958339301530611
sensor_8,0.46093997047500734
sensor_8_lag_1,0.4104573525528234
sensor_8_lag_3,0.3992515697009372
sensor_2,0.36019939589661887
sensor_8_lag_2,0.3446073939889959
sensor_14_lag_3,0.3327948882570209
sensor_7,0.32751814567583326
sensor_13_roll_mean_5,0.2685922680810597
sensor_21_lag_2,0.24797049805776944
sensor_9,0.2292505261943055
sensor_16_lag_1,0.22385000596264942
sensor_12,0.21834454746782092
sensor_21,0.2130000980762419
sensor_7_lag_3,0.20848392691957862
sensor_9_lag_3,0.20608421917551814
sensor_7_lag_2,0.20398603982580252
sensor_16_lag_2,0.2003153660796101
sensor_7_lag_1,0.18559045638627703
sensor_12_lag_2,0.1840022602303578
sensor_9_lag_2,0.1633540610792791
sensor_21_lag_3,0.15562562693255974
sensor_2_lag_1,0.153817940705187
sensor_3,0.15129486316080792
sensor_3_lag_1,0.15038018610000248
sensor_5,0.14555511169264326
sensor_2_lag_2,0.14448234314099687
sensor_10_lag_1,0.14024606653948338
sensor_12_lag_1,0.13567217966354
sensor_20_lag_3,0.12851110669633978
sensor_12_lag_3,0.11817363873994367
sensor_3_lag_2,0.11229545681593218
sensor_21_lag_1,0.11145499077152789
sensor_9_lag_1,0.11133554745905351
sensor_14_roll_mean_5,0.10743008405195187
sensor_17,0.10146526351818351
sensor_10_lag_2,0.10025879059842897
sensor_14_roll_std_5,0.09983966381463322
sensor_20,0.08536805147303482
sensor_17_lag_1,0.07733277977011467
sensor_3_lag_3,0.0749194152895398
sensor_10_lag_3,0.0668472789555759
sensor_17_lag_3,0.06661915734967383
sensor_20_lag_1,0.06457006324109735
sensor_15_roll_mean_5,0.06222610557439443
sensor_17_lag_2,0.060924309561884195
sensor_10_roll_std_5,0.06007098738644097
sensor_17_roll_std_5,0.059745306222597126
sensor_13_diff,0.05901969302192952
sensor_15_roll_std_5,0.058034356819220846
sensor_16_lag_3,0.056669048605235355
sensor_11_roll_mean_5,0.056197545212324916
sensor_20_lag_2,0.05609654081965021
sensor_10,0.05020175644263462
sensor_16,0.050200626803723045
sensor_4_roll_std_5,0.046001636916204715
sensor_6_diff,0.041712709663610584
operational_setting_2,0.040998750134184844
sensor_9_roll_mean_5,0.03853286137812718
sensor_10_roll_mean_5,0.034627703797776986
sensor_8_diff,0.03389226223637596
sensor_11_roll_std_5,0.033561571173924554
sensor_6_roll_std_5,0.030830575910806717
sensor_3_roll_std_5,0.029004930366815788
operational_setting_1,0.027531840063194275
sensor_18_roll_mean_5,0.027095232090897998
sensor_16_roll_mean_5,0.026107742202814456
sensor_21_diff,0.02537780816951944
sensor_20_roll_std_5,0.025363000533855498
sensor_4_diff,0.024571059899490377
sensor_4_roll_mean_5,0.024144352115750174
sensor_16_roll_std_5,0.023672264932460763
sensor_1_roll_std_5,0.023561661964036786
sensor_5_roll_std_5,0.022896376779881076
sensor_15_diff,0.021956683723058645
sensor_3_roll_mean_5,0.021699569488958827
sensor_11_diff,0.020752409294814263
sensor_2_diff,0.020028557980574672
sensor_9_roll_std_5,0.017850787428810227
sensor_12_diff,0.016108231387377103
sensor_7_roll_std_5,0.015845361546223027
sensor_7_diff,0.01564697946357824
sensor_8_roll_mean_5,0.015604995046560505
sensor_21_roll_mean_5,0.015070224008775683
sensor_17_roll_mean_5,0.014737383781371105
sensor_5_roll_mean_5,0.014533458703250925
sensor_14_diff,0.013772753516197531
sensor_12_roll_std_5,0.013488538946643548
sensor_2_roll_std_5,0.013279041926587153
sensor_3_diff,0.013082121647301326
sensor_18_roll_std_5,0.011786071968862919
sensor_2_roll_mean_5,0.01064394855898637
sensor_8_roll_std_5,0.010286555734650019
sensor_6_roll_mean_5,0.009540405721884776
sensor_20_roll_mean_5,0.009091091445224958
sensor_12_roll_mean_5,0.008286045694096368
sensor_9_diff,0.007581674269488374
sensor_17_diff,0.006312869504751381
sensor_21_roll_std_5,0.004977486665542414
sensor_1_roll_mean_5,0.004875068185134391
sensor_16_diff,0.004826942158943018
sensor_19_roll_std_5,0.004257578780908905
sensor_7_roll_mean_5,0.0037612854857183107
sensor_19_roll_mean_5,0.003725839499859385
sensor_20_diff,0.003469928861316494
sensor_10_diff,0.0015757650295077242
sensor_19,0.0
sensor_18,0.0
sensor_1,0.0
operational_setting_3,0.0
sensor_5_lag_2,0.0
sensor_5_lag_1,0.0
sensor_5_lag_3,0.0
sensor_1_lag_3,0.0
sensor_1_lag_2,0.0
sensor_1_lag_1,0.0
sensor_18_lag_1,0.0
sensor_19_lag_3,0.0
sensor_5_diff,0.0
sensor_1_diff,0.0
sensor_18_lag_3,0.0
sensor_18_lag_2,0.0
sensor_19_lag_2,0.0
sensor_19_lag_1,0.0
sensor_19_diff,0.0
sensor_18_diff,0.0
